Store Name,Address,City,State,Zipcode,Phone,URL,"Country","Region"
Anchorage,330 W DIMOND BLVD,ANCHORAGE,AK,99515-1903,(907) 349-2335,https://www.costco.com/warehouse-locations/anchorage-ak-10.html,"US","TBD"
Anchorage Business Center,1074 N MULDOON RD,ANCHORAGE,AK,99504-2073,(907) 416-9780,https://www.costco.com/warehouse-locations/anchorage-business-center-anchorage-ak-1661.html,"US","TBD"
Fairbanks,48 COLLEGE RD,FAIRBANKS,AK,99701-1706,(907) 205-3607,https://www.costco.com/warehouse-locations/fairbanks-ak-1342.html,"US","TBD"
Juneau,5225 COMMERCIAL BLVD,JUNEAU,AK,99801-7210,(907) 780-6740,https://www.costco.com/warehouse-locations/juneau-ak-107.html,"US","TBD"
NE Anchorage,4125 DEBARR RD,ANCHORAGE,AK,99508-3115,(907) 269-9510,https://www.costco.com/warehouse-locations/ne-anchorage-anchorage-ak-63.html,"US","TBD"
Hoover,3650 GALLERIA CIR,HOOVER,AL,35244-2346,(205) 909-1039,https://www.costco.com/warehouse-locations/hoover-al-362.html,"US","TBD"
Huntsville,1205 N. MEMORIAL PKWY,HUNTSVILLE,AL,35801-5930,(256) 519-2220,https://www.costco.com/warehouse-locations/huntsville-al-356.html,"US","TBD"
Mobile,1450 TINGLE CIRCLE WEST,MOBILE,AL,36606-2632,(251) 308-7030,https://www.costco.com/warehouse-locations/mobile-al-1192.html,"US","TBD"
Montgomery,8251 EASTCHASE PKWY,MONTGOMERY,AL,36117-7033,(334) 270-7452,https://www.costco.com/warehouse-locations/montgomery-al-1009.html,"US","TBD"
Little Rock,16901 CHENAL PARKWAY,LITTLE ROCK,AR,72223,(501) 817-8603,https://www.costco.com/warehouse-locations/little-rock-ar-1442.html,"US","TBD"
Avondale,10000 W MCDOWELL RD,AVONDALE,AZ,85392-4803,(623) 907-5663,https://www.costco.com/warehouse-locations/avondale-az-691.html,"US","TBD"
Buckeye,1111 N. VERRADO WAY,BUCKEYE,AZ,85326,(480) 618-4000,https://www.costco.com/warehouse-locations/buckeye-az-1653.html,"US","TBD"
Cave Creek,2450 E BEARDSLEY RD,PHOENIX,AZ,85050-1300,(480) 375-2850,https://www.costco.com/warehouse-locations/cave-creek-phoenix-az-738.html,"US","TBD"
Chandler,595 S GALLERIA WAY,CHANDLER,AZ,85226-4932,(480) 375-2051,https://www.costco.com/warehouse-locations/chandler-az-736.html,"US","TBD"
Gilbert,1415 N ARIZONA AVE,GILBERT,AZ,85233-1616,(480) 293-0053,https://www.costco.com/warehouse-locations/gilbert-az-481.html,"US","TBD"
Glendale,17550 N 79TH AVE,GLENDALE,AZ,85308-8711,(623) 776-4003,https://www.costco.com/warehouse-locations/glendale-az-674.html,"US","TBD"
Mesa,1444 S SOSSAMAN RD,MESA,AZ,85209-3400,(480) 333-6552,https://www.costco.com/warehouse-locations/mesa-az-1028.html,"US","TBD"
N Phoenix,19001 N 27TH AVE,PHOENIX,AZ,85027-5036,(623) 293-4400,https://www.costco.com/warehouse-locations/n-phoenix-phoenix-az-490.html,"US","TBD"
NW Tucson,3901 W COSTCO DR,TUCSON,AZ,85741-2864,(520) 797-1980,https://www.costco.com/warehouse-locations/nw-tucson-tucson-az-431.html,"US","TBD"
Paradise Valley,4570 E CACTUS RD,PHOENIX,AZ,85032-7702,(480) 308-7044,https://www.costco.com/warehouse-locations/paradise-valley-phoenix-az-1058.html,"US","TBD"
Phoenix Business Center,3801 N 33RD AVE,PHOENIX,AZ,85017-4508,(480) 293-2123,https://www.costco.com/warehouse-locations/phoenix-business-center-phoenix-az-827.html,"US","TBD"
Prescott,3911 E STATE ROUTE 69,PRESCOTT,AZ,86301-6717,(928) 541-2203,https://www.costco.com/warehouse-locations/prescott-az-466.html,"US","TBD"
Queen Creek,20260 S ELLSWORTH RD,QUEEN CREEK,AZ,85142,(480) 847-1000,https://www.costco.com/warehouse-locations/queen-creek-az-1620.html,"US","TBD"
Scottsdale,15255 N HAYDEN RD,SCOTTSDALE,AZ,85260-2551,(480) 948-5040,https://www.costco.com/warehouse-locations/scottsdale-az-427.html,"US","TBD"
SE Gilbert,2887 S MARKET ST,GILBERT,AZ,85295-1303,(480) 366-3950,https://www.costco.com/warehouse-locations/se-gilbert-gilbert-az-644.html,"US","TBD"
Surprise,16385 W. WADDELL RD.,SURPRISE,AZ,85388,(602) 325-1799,https://www.costco.com/warehouse-locations/surprise-az-1375.html,"US","TBD"
SW Tucson,1650 E TUCSON MARKETPLACE BLVD,TUCSON,AZ,85713-6561,(520) 791-7340,https://www.costco.com/warehouse-locations/sw-tucson-tucson-az-1079.html,"US","TBD"
Tempe,1445 W ELLIOT RD,TEMPE,AZ,85284-1103,(480) 496-6651,https://www.costco.com/warehouse-locations/tempe-az-436.html,"US","TBD"
Thomas Road,4502 E OAK ST,PHOENIX,AZ,85008-2411,(602) 808-0101,https://www.costco.com/warehouse-locations/thomas-road-phoenix-az-465.html,"US","TBD"
Tucson,6255 EAST GRANT ROAD,TUCSON,AZ,85712-5804,(520) 886-6377,https://www.costco.com/warehouse-locations/tucson-az-407.html,"US","TBD"
Alhambra,2207 W COMMONWEALTH AVE,ALHAMBRA,CA,91803-1302,(626) 289-7164,https://www.costco.com/warehouse-locations/alhambra-ca-428.html,"US","TBD"
Almaden,5301 ALMADEN EXPY,SAN JOSE,CA,95118-3603,(408) 723-0964,https://www.costco.com/warehouse-locations/almaden-san-jose-ca-470.html,"US","TBD"
Antioch,2201 VERNE ROBERTS CIR,ANTIOCH,CA,94509-7911,(925) 757-7130,https://www.costco.com/warehouse-locations/antioch-ca-1002.html,"US","TBD"
Azusa,1220 W FOOTHILL BLVD,AZUSA,CA,91702-2819,(626) 812-7911,https://www.costco.com/warehouse-locations/azusa-ca-412.html,"US","TBD"
Bakersfield,3800 ROSEDALE HWY,BAKERSFIELD,CA,93308-6235,(661) 852-2643,https://www.costco.com/warehouse-locations/bakersfield-ca-688.html,"US","TBD"
Burbank Business Center,11428 SHERMAN WAY,NORTH HOLLYWOOD,CA,91605-5807,(818) 423-7082,https://www.costco.com/warehouse-locations/burbank-business-center-north-hollywood-ca-653.html,"US","TBD"
Burbank,1051 W BURBANK BLVD,BURBANK,CA,91506-1421,(818) 557-3783,https://www.costco.com/warehouse-locations/burbank-ca-677.html,"US","TBD"
Cal Expo (Sacramento),1600 EXPO PKWY,SACRAMENTO,CA,95815-4228,(916) 830-1078,https://www.costco.com/warehouse-locations/cal-expo-sacramento--sacramento-ca-471.html,"US","TBD"
Carlsbad,951 PALOMAR AIRPORT RD,CARLSBAD,CA,92011-1110,(760) 929-0963,https://www.costco.com/warehouse-locations/carlsbad-ca-462.html,"US","TBD"
Carmel Mountain,12350 CARMEL MOUNTAIN RD,SAN DIEGO,CA,92128-4616,(858) 675-0379,https://www.costco.com/warehouse-locations/carmel-mountain-san-diego-ca-452.html,"US","TBD"
Chico,2100 DR MLK JR PKWY,CHICO,CA,95928-4422,(530) 332-1742,https://www.costco.com/warehouse-locations/chico-ca-1011.html,"US","TBD"
Chino Hills,13111 PEYTON DR,CHINO HILLS,CA,91709-6002,(909) 464-2900,https://www.costco.com/warehouse-locations/chino-hills-ca-473.html,"US","TBD"
Chula Vista,1130 BROADWAY,CHULA VISTA,CA,91911-2707,(619) 205-1501,https://www.costco.com/warehouse-locations/chula-vista-ca-781.html,"US","TBD"
Citrus Heights,7000 AUBURN BLVD,CITRUS HEIGHTS,CA,95621-4342,(916) 560-4003,https://www.costco.com/warehouse-locations/citrus-heights-ca-771.html,"US","TBD"
City Of Industry,17550 CASTLETON ST,CITY OF INDUSTRY,CA,91748-1701,(626) 839-3053,https://www.costco.com/warehouse-locations/city-of-industry-ca-679.html,"US","TBD"
Clovis,2270 CLOVIS AVE,CLOVIS,CA,93612,(559) 291-3377,https://www.costco.com/warehouse-locations/clovis-ca-1360.html,"US","TBD"
Commerce Business Center,6333 TELEGRAPH RD,COMMERCE,CA,90040-2513,(323) 767-2640,https://www.costco.com/warehouse-locations/commerce-business-center-commerce-ca-569.html,"US","TBD"
Concord,2400 MONUMENT BLVD,CONCORD,CA,94520-3105,(925) 566-4003,https://www.costco.com/warehouse-locations/concord-ca-663.html,"US","TBD"
Corona,480 N MCKINLEY ST,CORONA,CA,92879-1291,(951) 279-1190,https://www.costco.com/warehouse-locations/corona-ca-432.html,"US","TBD"
Culver City,13463 WASHINGTON BLVD,MARINA DEL REY,CA,90292-5658,(310) 754-2003,https://www.costco.com/warehouse-locations/culver-city-marina-del-rey-ca-479.html,"US","TBD"
Cypress CA,5401 KATELLA AVE,CYPRESS,CA,90720-2809,(562) 668-5150,https://www.costco.com/warehouse-locations/cypress-ca-cypress-ca-748.html,"US","TBD"
Danville,3150 FOSTORIA WAY,DANVILLE,CA,94526-5553,(925) 277-0407,https://www.costco.com/warehouse-locations/danville-ca-21.html,"US","TBD"
Eastvale,5030 HAMNER AVE,EASTVALE,CA,91752-1009,(951) 749-7182,https://www.costco.com/warehouse-locations/eastvale-ca-1317.html,"US","TBD"
El Camino,1600 EL CAMINO REAL,SOUTH SAN FRANCISCO,CA,94080-1206,(650) 757-3003,https://www.costco.com/warehouse-locations/el-camino-south-san-francisco-ca-475.html,"US","TBD"
El Centro,2030 N IMPERIAL AVE,EL CENTRO,CA,92243-1323,(760) 353-2380,https://www.costco.com/warehouse-locations/el-centro-ca-121.html,"US","TBD"
Elk Grove,7400 ELK GROVE BLVD,ELK GROVE,CA,95757-6299,(916) 465-6050,https://www.costco.com/warehouse-locations/elk-grove-ca-1274.html,"US","TBD"
Eureka,1006 W WABASH AVE,EUREKA,CA,95501-2121,(707) 441-8750,https://www.costco.com/warehouse-locations/eureka-ca-125.html,"US","TBD"
Fairfield,5101 BUSINESS CENTER DR,FAIRFIELD,CA,94534-1624,(707) 864-3816,https://www.costco.com/warehouse-locations/fairfield-ca-453.html,"US","TBD"
Folsom,1800 CAVITT DR,FOLSOM,CA,95630-6235,(916) 850-1000,https://www.costco.com/warehouse-locations/folsom-ca-765.html,"US","TBD"
Fontana,16505 SIERRA LAKES PKWY,FONTANA,CA,92336-1256,(909) 770-5639,https://www.costco.com/warehouse-locations/fontana-ca-627.html,"US","TBD"
Foster City,1001 METRO CENTER BLVD,FOSTER CITY,CA,94404-2177,(650) 286-0739,https://www.costco.com/warehouse-locations/foster-city-ca-147.html,"US","TBD"
Fountain Valley,17900 NEWHOPE ST,FOUNTAIN VALLEY,CA,92708-5422,(714) 338-2183,https://www.costco.com/warehouse-locations/fountain-valley-ca-411.html,"US","TBD"
Fremont,43621 PACIFIC COMMONS BLVD,FREMONT,CA,94538-3809,(510) 897-1092,https://www.costco.com/warehouse-locations/fremont-ca-778.html,"US","TBD"
Fresno,4500 W SHAW AVE,FRESNO,CA,93722-6200,(559) 271-6511,https://www.costco.com/warehouse-locations/fresno-ca-31.html,"US","TBD"
Fullerton,900 S HARBOR BLVD,FULLERTON,CA,92832-3025,(714) 738-7521,https://www.costco.com/warehouse-locations/fullerton-ca-418.html,"US","TBD"
Garden Grove,11000 GARDEN GROVE BLVD,GARDEN GROVE,CA,92843-1206,(714) 638-6308,https://www.costco.com/warehouse-locations/garden-grove-ca-126.html,"US","TBD"
Gilroy,7251 CAMINO ARROYO,GILROY,CA,95020-7340,(408) 848-0700,https://www.costco.com/warehouse-locations/gilroy-ca-760.html,"US","TBD"
Goleta,7095 MARKET PLACE DR,GOLETA,CA,93117-5905,(805) 685-3199,https://www.costco.com/warehouse-locations/goleta-ca-474.html,"US","TBD"
Great Oaks,6898 RALEIGH ROAD,SAN JOSE,CA,95119-1730,(408) 908-7929,https://www.costco.com/warehouse-locations/great-oaks-san-jose-ca-1267.html,"US","TBD"
Hanford,2395 E LACEY BLVD,HANFORD,CA,93230-4740,(559) 670-6008,https://www.costco.com/warehouse-locations/hanford-ca-1244.html,"US","TBD"
Hawthorne Business Center,12530 PRAIRIE AVE,HAWTHORNE,CA,90250-4638,(310) 220-8826,https://www.costco.com/warehouse-locations/hawthorne-business-center-hawthorne-ca-564.html,"US","TBD"
Hawthorne,14501 HINDRY AVENUE,HAWTHORNE,CA,90250-6748,(310) 727-0403,https://www.costco.com/warehouse-locations/hawthorne-ca-671.html,"US","TBD"
Hayward Business Center,22330 HATHAWAY AVE,HAYWARD,CA,94541-4861,(510) 259-6600,https://www.costco.com/warehouse-locations/hayward-business-center-hayward-ca-823.html,"US","TBD"
Hayward,28505 HESPERIAN BLVD,HAYWARD,CA,94545-5008,(510) 921-3128,https://www.costco.com/warehouse-locations/hayward-ca-1061.html,"US","TBD"
Huntington Beach,7562 CENTER AVE,HUNTINGTON BEACH,CA,92647-3002,(714) 372-7510,https://www.costco.com/warehouse-locations/huntington-beach-ca-1110.html,"US","TBD"
Inglewood,3560 W CENTURY BLVD,INGLEWOOD,CA,90303-1201,(310) 242-2777,https://www.costco.com/warehouse-locations/inglewood-ca-769.html,"US","TBD"
Irvine,115 TECHNOLOGY DR,IRVINE,CA,92618-2408,(949) 453-0435,https://www.costco.com/warehouse-locations/irvine-ca-454.html,"US","TBD"
Laguna Marketplace,27220 HEATHER RIDGE RD,LAGUNA NIGUEL,CA,92677-3418,(949) 389-8703,https://www.costco.com/warehouse-locations/laguna-marketplace-laguna-niguel-ca-690.html,"US","TBD"
Laguna Niguel,27972 CABOT RD,LAGUNA NIGUEL,CA,92677-1211,(949) 364-0217,https://www.costco.com/warehouse-locations/laguna-niguel-ca-28.html,"US","TBD"
La Habra,101 N BEACH BLVD,LA HABRA,CA,90631-4468,(562) 524-0001,https://www.costco.com/warehouse-locations/la-habra-ca-777.html,"US","TBD"
Lake Elsinore,29315 CENTRAL AVE,LAKE ELSINORE,CA,92532-2212,(951) 253-6030,https://www.costco.com/warehouse-locations/lake-elsinore-ca-746.html,"US","TBD"
Lakewood,340 LAKEWOOD CENTER MALL,LAKEWOOD,CA,90712-2409,(562) 295-1508,https://www.costco.com/warehouse-locations/lakewood-ca-1050.html,"US","TBD"
La Mesa,8125 FLETCHER PKWY,LA MESA,CA,91942-2934,(619) 667-8504,https://www.costco.com/warehouse-locations/la-mesa-ca-469.html,"US","TBD"
Lancaster CA,1141 W AVENUE L,LANCASTER,CA,93534-7077,(661) 802-4470,https://www.costco.com/warehouse-locations/lancaster-ca-lancaster-ca-762.html,"US","TBD"
La Quinta,79795 HIGHWAY 111,LA QUINTA,CA,92253-4756,(760) 775-0363,https://www.costco.com/warehouse-locations/la-quinta-ca-638.html,"US","TBD"
Livermore,2800 INDEPENDENCE DR,LIVERMORE,CA,94551-7628,(925) 443-6306,https://www.costco.com/warehouse-locations/livermore-ca-146.html,"US","TBD"
Lodi,2680 REYNOLDS RANCH PKWY,LODI,CA,95240-6848,(209) 366-7300,https://www.costco.com/warehouse-locations/lodi-ca-1091.html,"US","TBD"
Los Feliz,2901 LOS FELIZ BLVD,LOS ANGELES,CA,90039-1502,(323) 644-5201,https://www.costco.com/warehouse-locations/los-feliz-los-angeles-ca-130.html,"US","TBD"
Manteca,2440 DANIELS ST,MANTECA,CA,95337-6745,(209) 825-8200,https://www.costco.com/warehouse-locations/manteca-ca-1031.html,"US","TBD"
Marysville CA,1214 N BEALE RD,LINDA,CA,95901,(530) 491-2717,https://www.costco.com/warehouse-locations/marysville-ca-linda-ca-1658.html,"US","TBD"
Merced,1445 R ST,MERCED,CA,95340-5850,(209) 725-5020,https://www.costco.com/warehouse-locations/merced-ca-142.html,"US","TBD"
Mission Valley,2345 FENTON PKWY,SAN DIEGO,CA,92108-4743,(619) 358-4000,https://www.costco.com/warehouse-locations/mission-valley-san-diego-ca-488.html,"US","TBD"
Modesto,3801 PELANDALE AVE,MODESTO,CA,95356-8300,(209) 342-4903,https://www.costco.com/warehouse-locations/modesto-ca-661.html,"US","TBD"
Montclair,9404 CENTRAL AVE,MONTCLAIR,CA,91763-2421,(909) 575-5004,https://www.costco.com/warehouse-locations/montclair-ca-686.html,"US","TBD"
Monterey Park,2000 MARKET PLACE DR,MONTEREY PARK,CA,91755-7402,(323) 890-1904,https://www.costco.com/warehouse-locations/monterey-park-ca-1318.html,"US","TBD"
Morena,4605 MORENA BLVD,SAN DIEGO,CA,92117-3650,(858) 270-6920,https://www.costco.com/warehouse-locations/morena-san-diego-ca-401.html,"US","TBD"
Moreno Valley,12700 DAY ST,MORENO VALLEY,CA,92553-7521,(951) 697-8900,https://www.costco.com/warehouse-locations/moreno-valley-ca-455.html,"US","TBD"
Mountain View,1000 N RENGSTORFF AVE,MOUNTAIN VIEW,CA,94043-1716,(650) 988-1841,https://www.costco.com/warehouse-locations/mountain-view-ca-143.html,"US","TBD"
Murrieta,35875 WARM SPRINGS PARKWAY,MURRIETA,CA,92563,(951) 223-4839,https://www.costco.com/warehouse-locations/murrieta-ca-1390.html,"US","TBD"
Natomas,3881 E COMMERCE WAY,SACRAMENTO,CA,95834,(916) 265-9594,https://www.costco.com/warehouse-locations/natomas-sacramento-ca-1674.html,"US","TBD"
NE San Jose,1709 AUTOMATION PKWY,SAN JOSE,CA,95131-1866,(408) 678-2150,https://www.costco.com/warehouse-locations/ne-san-jose-san-jose-ca-1004.html,"US","TBD"
Newark,350 NEWPARK MALL,NEWARK,CA,94560,(510) 493-2953,https://www.costco.com/warehouse-locations/newark-ca-1660.html,"US","TBD"
N Fresno,7100 N ABBY ST,FRESNO,CA,93720-2920,(559) 437-3643,https://www.costco.com/warehouse-locations/n-fresno-fresno-ca-657.html,"US","TBD"
Northridge,8810 TAMPA AVE,NORTHRIDGE,CA,91324-3519,(818) 775-1860,https://www.costco.com/warehouse-locations/northridge-ca-437.html,"US","TBD"
Norwalk CA,12324 HOXIE AVE,NORWALK,CA,90650-2211,(562) 929-0826,https://www.costco.com/warehouse-locations/norwalk-ca-norwalk-ca-410.html,"US","TBD"
Novato,300 VINTAGE WAY,NOVATO,CA,94945-5007,(415) 899-1332,https://www.costco.com/warehouse-locations/novato-ca-141.html,"US","TBD"
Ontario Business Center,3680 E GUASTI RD,ONTARIO,CA,91761,(909) 789-1221,https://www.costco.com/warehouse-locations/ontario-business-center-ontario-ca-947.html,"US","TBD"
Oxnard,2001 E VENTURA BLVD,OXNARD,CA,93036-1813,(805) 983-4200,https://www.costco.com/warehouse-locations/oxnard-ca-420.html,"US","TBD"
Pacoima,13550 PAXTON ST,PACOIMA,CA,91331-2352,(818) 272-2700,https://www.costco.com/warehouse-locations/pacoima-ca-1071.html,"US","TBD"
Palm Desert,72800 DINAH SHORE DR,PALM DESERT,CA,92211-0814,(760) 770-2810,https://www.costco.com/warehouse-locations/palm-desert-ca-441.html,"US","TBD"
Poway,12155 TECH CENTER DR,POWAY,CA,92064-7156,(858) 848-2451,https://www.costco.com/warehouse-locations/poway-ca-775.html,"US","TBD"
Rancho Cordova,11260 WHITE ROCK RD,RANCHO CORDOVA,CA,95742-6571,(916) 724-2240,https://www.costco.com/warehouse-locations/rancho-cordova-ca-438.html,"US","TBD"
Rancho Cucamonga,11800 4TH ST,RANCHO CUCAMONGA,CA,91730-6129,(909) 581-1703,https://www.costco.com/warehouse-locations/rancho-cucamonga-ca-678.html,"US","TBD"
Rancho Del Rey,895 E H ST,CHULA VISTA,CA,91910-7807,(619) 656-0826,https://www.costco.com/warehouse-locations/rancho-del-rey-chula-vista-ca-460.html,"US","TBD"
Redding,4805 BECHELLI LANE,REDDING,CA,96002,(530) 222-0199,https://www.costco.com/warehouse-locations/redding-ca-1445.html,"US","TBD"
Redwood City,2300 MIDDLEFIELD RD,REDWOOD CITY,CA,94063-2854,(650) 568-4040,https://www.costco.com/warehouse-locations/redwood-city-ca-1042.html,"US","TBD"
Richmond CA,4801 CENTRAL AVENUE,RICHMOND,CA,94804-5801,(510) 898-2003,https://www.costco.com/warehouse-locations/richmond-ca-richmond-ca-482.html,"US","TBD"
Rohnert Park,5901 REDWOOD DR,ROHNERT PARK,CA,94928-2076,(707) 540-9113,https://www.costco.com/warehouse-locations/rohnert-park-ca-659.html,"US","TBD"
Roseville CA,6750 STANFORD RANCH RD,ROSEVILLE,CA,95678-1907,(916) 789-1485,https://www.costco.com/warehouse-locations/roseville-ca-roseville-ca-29.html,"US","TBD"
Sacramento Business Center,3360 EL CAMINO AVE,SACRAMENTO,CA,95821-6308,(916) 426-4560,https://www.costco.com/warehouse-locations/sacramento-business-center-sacramento-ca-893.html,"US","TBD"
Sacramento,7981 E STOCKTON BLVD,SACRAMENTO,CA,95823-9606,(916) 682-3569,https://www.costco.com/warehouse-locations/sacramento-ca-464.html,"US","TBD"
Salinas,1339 N DAVIS RD,SALINAS,CA,93907-1988,(831) 424-4242,https://www.costco.com/warehouse-locations/salinas-ca-472.html,"US","TBD"
San Bernardino,1099 E HOSPITALITY LN,SAN BERNARDINO,CA,92408-2813,(909) 478-3445,https://www.costco.com/warehouse-locations/san-bernardino-ca-478.html,"US","TBD"
Sand City,801 TIOGA AVE,SAND CITY,CA,93955-3050,(831) 899-1255,https://www.costco.com/warehouse-locations/sand-city-ca-131.html,"US","TBD"
San Diego Business Center,7803 OTHELLO AVE,SAN DIEGO,CA,92111-3709,(858) 810-5835,https://www.costco.com/warehouse-locations/san-diego-business-center-san-diego-ca-578.html,"US","TBD"
San Dimas,520 N LONE HILL AVE,SAN DIMAS,CA,91773-1725,(909) 962-5507,https://www.costco.com/warehouse-locations/san-dimas-ca-1015.html,"US","TBD"
San Francisco,450 10TH ST,SAN FRANCISCO,CA,94103-4304,(415) 626-4388,https://www.costco.com/warehouse-locations/san-francisco-ca-144.html,"US","TBD"
San Jose Business Center,2376 S EVERGREEN LOOP,SAN JOSE,CA,95122,(669) 236-4679,https://www.costco.com/warehouse-locations/san-jose-business-center-san-jose-ca-848.html,"US","TBD"
San Jose,2201 SENTER RD,SAN JOSE,CA,95112-2627,(408) 275-0199,https://www.costco.com/warehouse-locations/san-jose-ca-148.html,"US","TBD"
San Juan Capistrano,33961 DOHENY PARK RD,SAN JUAN CAPISTRANO,CA,92675-4835,(949) 240-3558,https://www.costco.com/warehouse-locations/san-juan-capistrano-ca-429.html,"US","TBD"
San Leandro,1900 DAVIS ST,SAN LEANDRO,CA,94577-1209,(510) 562-6708,https://www.costco.com/warehouse-locations/san-leandro-ca-118.html,"US","TBD"
San Luis Obispo,1540 FROOM RANCH WAY,SAN LUIS OBISPO,CA,93405-7211,(805) 541-7000,https://www.costco.com/warehouse-locations/san-luis-obispo-ca-741.html,"US","TBD"
San Marcos Business Center,150 S. BENT AVE,SAN MARCOS,CA,92078,(760) 410-5681,https://www.costco.com/warehouse-locations/san-marcos-business-center-san-marcos-ca-1581.html,"US","TBD"
San Marcos,725 CENTER DRIVE,SAN MARCOS,CA,92069-3536,(760) 871-6867,https://www.costco.com/warehouse-locations/san-marcos-ca-1080.html,"US","TBD"
Santa Clara,1601 COLEMAN AVE,SANTA CLARA,CA,95050-3122,(408) 567-9000,https://www.costco.com/warehouse-locations/santa-clara-ca-129.html,"US","TBD"
Santa Clarita,18649 VIA PRINCESSA,SANTA CLARITA,CA,91387-4935,(661) 250-2818,https://www.costco.com/warehouse-locations/santa-clarita-ca-447.html,"US","TBD"
Santa Cruz,220 SYLVANIA AVE,SANTA CRUZ,CA,95060-2161,(831) 469-0961,https://www.costco.com/warehouse-locations/santa-cruz-ca-149.html,"US","TBD"
Santa Maria,1700 S. BRADLEY RD.,SANTA MARIA,CA,93454-8001,(805) 928-8459,https://www.costco.com/warehouse-locations/santa-maria-ca-1275.html,"US","TBD"
Santa Rosa,1900 SANTA ROSA AVE,SANTA ROSA,CA,95407-7621,(707) 578-3775,https://www.costco.com/warehouse-locations/santa-rosa-ca-41.html,"US","TBD"
Santee,101 TOWN CENTER PKWY,SANTEE,CA,92071-5802,(619) 562-3227,https://www.costco.com/warehouse-locations/santee-ca-403.html,"US","TBD"
SE San Diego,650 GATEWAY CENTER DR,SAN DIEGO,CA,92102-4530,(619) 358-2303,https://www.costco.com/warehouse-locations/se-san-diego-san-diego-ca-483.html,"US","TBD"
Signal Hill,2200 E WILLOW ST,SIGNAL HILL,CA,90755-2132,(562) 427-2537,https://www.costco.com/warehouse-locations/signal-hill-ca-424.html,"US","TBD"
Simi Valley,2660 PARK CENTER DR,SIMI VALLEY,CA,93065-6207,(805) 578-3301,https://www.costco.com/warehouse-locations/simi-valley-ca-128.html,"US","TBD"
S San Francisco Business Center,900 DUBUQUE AVE,SOUTH SAN FRANCISCO,CA,94080-1805,(650) 784-4047,https://www.costco.com/warehouse-locations/s-san-francisco-business-center-south-san-francisco-ca-654.html,"US","TBD"
S San Francisco,451 S AIRPORT BLVD,SOUTH SAN FRANCISCO,CA,94080-6909,(650) 872-2021,https://www.costco.com/warehouse-locations/s-san-francisco-south-san-francisco-ca-422.html,"US","TBD"
Stockton,1616 E HAMMER LN,STOCKTON,CA,95210-4119,(209) 478-2040,https://www.costco.com/warehouse-locations/stockton-ca-38.html,"US","TBD"
Sunnyvale,150 LAWRENCE STATION RD,SUNNYVALE,CA,94086-5309,(408) 730-1892,https://www.costco.com/warehouse-locations/sunnyvale-ca-423.html,"US","TBD"
SW Bakersfield,4900 PANAMA LN,BAKERSFIELD,CA,93313-3479,(661) 398-4740,https://www.costco.com/warehouse-locations/sw-bakersfield-bakersfield-ca-643.html,"US","TBD"
Temecula,26610 YNEZ RD,TEMECULA,CA,92591-4697,(951) 719-2000,https://www.costco.com/warehouse-locations/temecula-ca-491.html,"US","TBD"
Torrance,2640 LOMITA BLVD,TORRANCE,CA,90505-5214,(310) 891-1020,https://www.costco.com/warehouse-locations/torrance-ca-1202.html,"US","TBD"
Tracy,3250 W GRANT LINE RD,TRACY,CA,95304-8427,(209) 830-5340,https://www.costco.com/warehouse-locations/tracy-ca-658.html,"US","TBD"
Turlock,2955 N TEGNER RD,TURLOCK,CA,95380-9401,(209) 656-5301,https://www.costco.com/warehouse-locations/turlock-ca-782.html,"US","TBD"
Tustin,2700 PARK AVE,TUSTIN,CA,92782-2708,(714) 338-1933,https://www.costco.com/warehouse-locations/tustin-ca-1001.html,"US","TBD"
Tustin Ranch,2655 EL CAMINO REAL,TUSTIN,CA,92782-8918,(714) 838-7895,https://www.costco.com/warehouse-locations/tustin-ranch-tustin-ca-122.html,"US","TBD"
Ukiah,1275 AIRPORT PARK BLVD,UKIAH,CA,95482-7400,(707) 313-8004,https://www.costco.com/warehouse-locations/ukiah-ca-1297.html,"US","TBD"
Vacaville,1051 HUME WAY,VACAVILLE,CA,95687-5558,(707) 453-7343,https://www.costco.com/warehouse-locations/vacaville-ca-694.html,"US","TBD"
Vallejo,198 PLAZA DR,VALLEJO,CA,94591-3702,(707) 553-6400,https://www.costco.com/warehouse-locations/vallejo-ca-132.html,"US","TBD"
Van Nuys,6100 SEPULVEDA BLVD,VAN NUYS,CA,91411-2503,(818) 989-5132,https://www.costco.com/warehouse-locations/van-nuys-ca-48.html,"US","TBD"
Victorville,14555 VALLEY CENTER DR,VICTORVILLE,CA,92395-4216,(760) 524-9904,https://www.costco.com/warehouse-locations/victorville-ca-1010.html,"US","TBD"
Visalia,1405 W CAMERON AVE,VISALIA,CA,93277-9527,(559) 735-2400,https://www.costco.com/warehouse-locations/visalia-ca-1017.html,"US","TBD"
Vista,1755 HACIENDA DR,VISTA,CA,92081-4546,(760) 631-7255,https://www.costco.com/warehouse-locations/vista-ca-124.html,"US","TBD"
Westlake Village,5700 LINDERO CANYON RD,WESTLAKE VILLAGE,CA,91362-4063,(818) 597-3901,https://www.costco.com/warehouse-locations/westlake-village-ca-117.html,"US","TBD"
Westminster Business Center,13225 BEACH BLVD,WESTMINSTER,CA,92683-9210,(657) 400-7006,https://www.costco.com/warehouse-locations/westminster-business-center-westminster-ca-943.html,"US","TBD"
Woodland,2299 BRONZE STAR DR,WOODLAND,CA,95776-5409,(530) 406-2120,https://www.costco.com/warehouse-locations/woodland-ca-1003.html,"US","TBD"
Woodland Hills,21800 VICTORY BLVD,WOODLAND HILLS,CA,91367-2227,(818) 884-9099,https://www.costco.com/warehouse-locations/woodland-hills-ca-1205.html,"US","TBD"
Yorba Linda,22633 SAVI RANCH PKWY,YORBA LINDA,CA,92887-4647,(714) 282-6650,https://www.costco.com/warehouse-locations/yorba-linda-ca-445.html,"US","TBD"
Arvada,5195 WADSWORTH BLVD,ARVADA,CO,80002-4617,(303) 463-3603,https://www.costco.com/warehouse-locations/arvada-co-676.html,"US","TBD"
Aurora,1471 S HAVANA ST,AURORA,CO,80012-4013,(303) 750-2116,https://www.costco.com/warehouse-locations/aurora-co-439.html,"US","TBD"
Denver Business Center,400 S ZUNI ST,DENVER,CO,80223-1969,(303) 830-4529,https://www.costco.com/warehouse-locations/denver-business-center-denver-co-650.html,"US","TBD"
Douglas County,8686 PARK MEADOWS CENTER DR,LITTLETON,CO,80124-5129,(303) 708-0012,https://www.costco.com/warehouse-locations/douglas-county-littleton-co-468.html,"US","TBD"
E Colorado Springs,5885 BARNES RD,COLORADO SPRINGS,CO,80922-3512,(719) 591-3002,https://www.costco.com/warehouse-locations/e-colorado-springs-colorado-springs-co-1014.html,"US","TBD"
Gypsum,170 COOLEY MESA RD,GYPSUM,CO,81637-9707,(970) 328-7603,https://www.costco.com/warehouse-locations/gypsum-co-637.html,"US","TBD"
Longmont,205 EAST KEN PRATT BLVD,LONGMONT,CO,80501,(303) 827-2534,https://www.costco.com/warehouse-locations/longmont-co-1628.html,"US","TBD"
NE Denver,4741 N AIRPORT WAY,DENVER,CO,80239,(303) 957-3500,https://www.costco.com/warehouse-locations/ne-denver-denver-co-1652.html,"US","TBD"
Parker,18414 COTTONWOOD DR,PARKER,CO,80138-8876,(303) 583-1939,https://www.costco.com/warehouse-locations/parker-co-1022.html,"US","TBD"
Sheridan,4000 RIVER POINT PKWY,SHERIDAN,CO,80110-3316,(303) 200-1830,https://www.costco.com/warehouse-locations/sheridan-co-1027.html,"US","TBD"
Superior,600 MARSHALL RD,SUPERIOR,CO,80027-9730,(720) 587-1000,https://www.costco.com/warehouse-locations/superior-co-480.html,"US","TBD"
SW Denver,7900 W QUINCY AVE,LITTLETON,CO,80123-1350,(303) 933-4931,https://www.costco.com/warehouse-locations/sw-denver-littleton-co-443.html,"US","TBD"
Thornton,16375 N. WASHINGTON ST,THORNTON,CO,80023-8907,(303) 474-3247,https://www.costco.com/warehouse-locations/thornton-co-629.html,"US","TBD"
Timnath,4705 WEITZEL ST,TIMNATH,CO,80547-4703,(970) 416-6115,https://www.costco.com/warehouse-locations/timnath-co-1178.html,"US","TBD"
W Colorado Springs,5050 N NEVADA AVE,COLORADO SPRINGS,CO,80918-8602,(719) 264-5010,https://www.costco.com/warehouse-locations/w-colorado-springs-colorado-springs-co-1030.html,"US","TBD"
Westminster CO,6400 W 92ND AVE,WESTMINSTER,CO,80031-2952,(303) 650-1476,https://www.costco.com/warehouse-locations/westminster-co-westminster-co-440.html,"US","TBD"
Brookfield,200 FEDERAL RD,BROOKFIELD,CT,06804-2514,(203) 740-7623,https://www.costco.com/warehouse-locations/brookfield-ct-304.html,"US","TBD"
E Lyme,284 FLANDERS RD,EAST LYME,CT,06333-1710,(860) 691-9647,https://www.costco.com/warehouse-locations/e-lyme-east-lyme-ct-1372.html,"US","TBD"
Enfield,75 FRESHWATER BLVD,ENFIELD,CT,06082-3854,(860) 394-2000,https://www.costco.com/warehouse-locations/enfield-ct-780.html,"US","TBD"
Milford,1718 BOSTON POST RD,MILFORD,CT,06460-2718,(203) 882-8881,https://www.costco.com/warehouse-locations/milford-ct-312.html,"US","TBD"
New Britain,405 HARTFORD RD,NEW BRITAIN,CT,06053-1507,(860) 893-7001,https://www.costco.com/warehouse-locations/new-britain-ct-1196.html,"US","TBD"
Norwalk CT,779 CONNECTICUT AVENUE,NORWALK,CT,06854-1615,(203) 822-2003,https://www.costco.com/warehouse-locations/norwalk-ct-norwalk-ct-324.html,"US","TBD"
South Windsor,1220 TAMARACK AVE,SOUTH WINDSOR,CT,06074,(860) 474-4031,https://www.costco.com/warehouse-locations/south-windsor-ct-1493.html,"US","TBD"
Waterbury,3600 E MAIN ST,WATERBURY,CT,06705-3851,(203) 596-9967,https://www.costco.com/warehouse-locations/waterbury-ct-313.html,"US","TBD"
Washington DC,2441 MARKET ST NE,WASHINGTON,DC,20018-3840,(202) 269-8540,https://www.costco.com/warehouse-locations/washington-dc-washington-dc-1120.html,"US","TBD"
Christiana,900 CENTER BLVD,NEWARK,DE,19702-3221,(302) 894-0511,https://www.costco.com/warehouse-locations/christiana-newark-de-246.html,"US","TBD"
Altamonte Springs,741 ORANGE AVE,ALTAMONTE SPRINGS,FL,32714-3031,(407) 786-7802,https://www.costco.com/warehouse-locations/altamonte-springs-fl-183.html,"US","TBD"
Boca Raton,17800 CONGRESS AVE,BOCA RATON,FL,33487-1200,(561) 981-5004,https://www.costco.com/warehouse-locations/boca-raton-fl-345.html,"US","TBD"
Bradenton,805 LIGHTHOUSE DRIVE,BRADENTON,FL,34212,(941) 213-0747,https://www.costco.com/warehouse-locations/bradenton-fl-1364.html,"US","TBD"
Brandon,10921 CAUSEWAY BLVD,BRANDON,FL,33511-1997,(813) 952-0103,https://www.costco.com/warehouse-locations/brandon-fl-358.html,"US","TBD"
Clearwater,2655 GULF TO BAY BLVD,CLEARWATER,FL,33759-4936,(727) 373-1951,https://www.costco.com/warehouse-locations/clearwater-fl-336.html,"US","TBD"
Clermont,4600 COLLINA TERRACE,CLERMONT,FL,34711,(689) 407-3663,https://www.costco.com/warehouse-locations/clermont-fl-1649.html,"US","TBD"
Coral Springs,4621 CORAL RIDGE DR.,CORAL SPRINGS,FL,33076-2200,(954) 715-8240,https://www.costco.com/warehouse-locations/coral-springs-fl-1323.html,"US","TBD"
Davie,1890 S UNIVERSITY DR,DAVIE,FL,33324-5808,(954) 370-8990,https://www.costco.com/warehouse-locations/davie-fl-91.html,"US","TBD"
E Jacksonville,4901 GATE PKWY,JACKSONVILLE,FL,32246-4405,(904) 997-7003,https://www.costco.com/warehouse-locations/e-jacksonville-jacksonville-fl-357.html,"US","TBD"
E Orlando,3333 UNIVERSITY BLVD,WINTER PARK,FL,32792-7428,(407) 681-2119,https://www.costco.com/warehouse-locations/e-orlando-winter-park-fl-185.html,"US","TBD"
Estero,10088 GULF CENTER DR,FORT MYERS,FL,33913-8961,(239) 433-7240,https://www.costco.com/warehouse-locations/estero-fort-myers-fl-621.html,"US","TBD"
Fort Myers,7171 CYPRESS LAKE DR,FORT MYERS,FL,33907-6521,(239) 415-3806,https://www.costco.com/warehouse-locations/fort-myers-fl-351.html,"US","TBD"
Kendall,13450 SW 120TH ST,MIAMI,FL,33186-7393,(305) 964-4227,https://www.costco.com/warehouse-locations/kendall-miami-fl-1023.html,"US","TBD"
Lantana,1873 LANTANA RD,LANTANA,FL,33462-2601,(561) 533-0958,https://www.costco.com/warehouse-locations/lantana-fl-180.html,"US","TBD"
Melbourne,4305 PINEDA CAUSEWAY,MELBOURNE,FL,32940,(321) 428-2910,https://www.costco.com/warehouse-locations/melbourne-fl-1450.html,"US","TBD"
Miami,7795 WEST FLAGLER STREET,MIAMI,FL,33144-2359,(786) 482-7135,https://www.costco.com/warehouse-locations/miami-fl-1229.html,"US","TBD"
Miami Lakes,16580 NW 59TH AVE,MIAMI LAKES,FL,33014-5611,(305) 825-9818,https://www.costco.com/warehouse-locations/miami-lakes-fl-181.html,"US","TBD"
Naples,6275 NAPLES BLVD,NAPLES,FL,34109-2030,(239) 596-6404,https://www.costco.com/warehouse-locations/naples-fl-354.html,"US","TBD"
N Miami,14800 SOLE MIA WAY,NORTH MIAMI,FL,33181,(305) 944-8711,https://www.costco.com/warehouse-locations/n-miami-north-miami-fl-1332.html,"US","TBD"
Orlando Business Center,2101 WATERBRIDGE BLVD,ORLANDO,FL,32837-9283,(407) 586-7271,https://www.costco.com/warehouse-locations/orlando-business-center-orlando-fl-651.html,"US","TBD"
Palm Beach Gardens,3250 NORTHLAKE BLVD,PALM BEACH GARDENS,FL,33403-1702,(561) 776-3052,https://www.costco.com/warehouse-locations/palm-beach-gardens-fl-93.html,"US","TBD"
Pembroke Pines,15915 PINES BLVD,PEMBROKE PINES,FL,33027-1201,(954) 266-3460,https://www.costco.com/warehouse-locations/pembroke-pines-fl-742.html,"US","TBD"
Pompano,1800 W SAMPLE RD,POMPANO BEACH,FL,33064-1324,(954) 968-7114,https://www.costco.com/warehouse-locations/pompano-pompano-beach-fl-88.html,"US","TBD"
Royal Palm Beach,11001 SOUTHERN BLVD,ROYAL PALM BEACH,FL,33411-4240,(561) 803-8822,https://www.costco.com/warehouse-locations/royal-palm-beach-fl-623.html,"US","TBD"
Sarasota Mall,8201 S TAMIAMI TRL UNIT 501,SARASOTA,FL,34238-2966,(941) 554-2800,https://www.costco.com/warehouse-locations/sarasota-mall-sarasota-fl-1123.html,"US","TBD"
S Orlando,4696 GARDENS PARK BLVD,ORLANDO,FL,32839-2171,(407) 586-7221,https://www.costco.com/warehouse-locations/s-orlando-orlando-fl-1235.html,"US","TBD"
St Augustine,215 WORLD COMMERCE PARKWAY,ST. AUGUSTINE,FL,32092,(904) 687-1299,https://www.costco.com/warehouse-locations/st-augustine-st-augustine-fl-1615.html,"US","TBD"
Tallahassee,4067 LAGNIAPPE WAY,TALLAHASSEE,FL,32317-1201,(850) 219-2500,https://www.costco.com/warehouse-locations/tallahassee-fl-1026.html,"US","TBD"
Wesley Chapel,2225 GRAND CYPRESS DR,LUTZ,FL,33559-6797,(813) 279-7031,https://www.costco.com/warehouse-locations/wesley-chapel-lutz-fl-1249.html,"US","TBD"
W Jacksonville,8000 PARRAMORE RD,JACKSONVILLE,FL,32244-5704,(904) 479-7521,https://www.costco.com/warehouse-locations/w-jacksonville-jacksonville-fl-1294.html,"US","TBD"
W Tampa,8712 W LINEBAUGH AVE,TAMPA,FL,33625-3713,(813) 616-7001,https://www.costco.com/warehouse-locations/w-tampa-tampa-fl-1262.html,"US","TBD"
Alpharetta,2855 JORDAN CT,ALPHARETTA,GA,30004-3869,(678) 823-4950,https://www.costco.com/warehouse-locations/alpharetta-ga-743.html,"US","TBD"
Athens,5550 PARKWAY BLVD,ATHENS,GA,30606,(706) 247-8134,https://www.costco.com/warehouse-locations/athens-ga-1621.html,"US","TBD"
Augusta,825 CABELA DR,AUGUSTA,GA,30909-8202,(706) 739-1700,https://www.costco.com/warehouse-locations/augusta-ga-1102.html,"US","TBD"
Brookhaven,500 BROOKHAVEN AVE NE,ATLANTA,GA,30319-3291,(404) 460-1915,https://www.costco.com/warehouse-locations/brookhaven-atlanta-ga-1084.html,"US","TBD"
Cumberland Mall,2900 CUMBERLAND MALL SE,ATLANTA,GA,30339-8107,(770) 431-1700,https://www.costco.com/warehouse-locations/cumberland-mall-atlanta-ga-631.html,"US","TBD"
Cumming,1211 BALD RIDGE MARINA RD,CUMMING,GA,30041-8484,(470) 239-6610,https://www.costco.com/warehouse-locations/cumming-ga-1175.html,"US","TBD"
Dallas GA,1715 CHARLES HARDY PKWY,DALLAS,GA,30157,(404) 806-4595,https://www.costco.com/warehouse-locations/dallas-ga-dallas-ga-1389.html,"US","TBD"
Fort Oglethorpe,100 COBB PKWY,RINGGOLD,GA,30736-8566,(706) 891-2579,https://www.costco.com/warehouse-locations/fort-oglethorpe-ringgold-ga-1083.html,"US","TBD"
Gwinnett,3980 VENTURE DR,DULUTH,GA,30096-5077,(770) 622-1330,https://www.costco.com/warehouse-locations/gwinnett-duluth-ga-187.html,"US","TBD"
Mall Of Georgia,1550 MALL OF GEORGIA BLVD,BUFORD,GA,30519-6551,(678) 288-3009,https://www.costco.com/warehouse-locations/mall-of-georgia-buford-ga-366.html,"US","TBD"
Morrow Business Center,1700 MOUNT ZION RD,MORROW,GA,30260-3014,(678) 201-0003,https://www.costco.com/warehouse-locations/morrow-business-center-morrow-ga-579.html,"US","TBD"
Perimeter,6350 PEACHTREE DUNWOODY RD,ATLANTA,GA,30328-4568,(770) 352-8660,https://www.costco.com/warehouse-locations/perimeter-atlanta-ga-188.html,"US","TBD"
Pooler,200 MOSAIC CIRCLE,POOLER,GA,31322,(912) 348-4569,https://www.costco.com/warehouse-locations/pooler-ga-1485.html,"US","TBD"
Sharpsburg,40 FISCHER CROSSINGS DR,SHARPSBURG,GA,30277,(678) 621-8594,https://www.costco.com/warehouse-locations/sharpsburg-ga-1361.html,"US","TBD"
Stockbridge,2245 JODECO ROAD,MCDONOUGH,GA,30253,(678) 272-3288,https://www.costco.com/warehouse-locations/stockbridge-mcdonough-ga-1675.html,"US","TBD"
Town Center,645 BARRETT PARKWAY NW,KENNESAW,GA,30144-4922,(770) 794-1767,https://www.costco.com/warehouse-locations/town-center-kennesaw-ga-189.html,"US","TBD"
Woodstock,113 LINCOLN ST,WOODSTOCK,GA,30188-7800,(770) 694-7193,https://www.costco.com/warehouse-locations/woodstock-ga-1295.html,"US","TBD"
Hawaii Kai,333 A KEAHOLE STREET,HONOLULU,HI,96825-3406,(808) 396-5538,https://www.costco.com/warehouse-locations/hawaii-kai-honolulu-hi-120.html,"US","TBD"
Iwilei,525 ALAKAWA ST,HONOLULU,HI,96817-5764,(808) 526-6100,https://www.costco.com/warehouse-locations/iwilei-honolulu-hi-687.html,"US","TBD"
Kapolei,4589 KAPOLEI PKWY,KAPOLEI,HI,96707-1879,(808) 674-3900,https://www.costco.com/warehouse-locations/kapolei-hi-1038.html,"US","TBD"
Kauai,4300 NUHOU ST.,LIHUE,HI,96766-8002,(808) 241-4000,https://www.costco.com/warehouse-locations/kauai-lihue-hi-640.html,"US","TBD"
Kona,73-5600 MAIAU ST,KAILUA KONA,HI,96740-2630,(808) 331-4800,https://www.costco.com/warehouse-locations/kona-kailua-kona-hi-140.html,"US","TBD"
Maui,540 HALEAKALA HWY,KAHULUI,HI,96732-2302,(808) 877-5241,https://www.costco.com/warehouse-locations/maui-kahului-hi-119.html,"US","TBD"
Waipio,94-1231 KA UKA BLVD,WAIPAHU,HI,96797-4495,(808) 678-6103,https://www.costco.com/warehouse-locations/waipio-waipahu-hi-485.html,"US","TBD"
Ankeny,4000 NE SPECTRUM DRIVE,ANKENY,IA,50021,(515) 686-8709,https://www.costco.com/warehouse-locations/ankeny-ia-1630.html,"US","TBD"
Coralville,2900 HEARTLAND DR,CORALVILLE,IA,52241-2740,(319) 545-3200,https://www.costco.com/warehouse-locations/coralville-ia-1111.html,"US","TBD"
Davenport,2790 E 53RD ST,DAVENPORT,IA,52807-3007,(563) 893-7004,https://www.costco.com/warehouse-locations/davenport-ia-1325.html,"US","TBD"
West Des Moines,7205 MILLS CIVIC PKWY,WEST DES MOINES,IA,50266-8140,(515) 222-2920,https://www.costco.com/warehouse-locations/west-des-moines-ia-788.html,"US","TBD"
Boise,2051 S COLE RD,BOISE,ID,83709-2815,(208) 321-8700,https://www.costco.com/warehouse-locations/boise-id-761.html,"US","TBD"
Coeur D' Alene,355 E NEIDER AVE,COEUR D' ALENE,ID,83815-3723,(208) 676-7351,https://www.costco.com/warehouse-locations/coeur-d-alene-id-773.html,"US","TBD"
Idaho Falls,2495 E. LINCOLN ROAD,IDAHO FALLS,ID,83401,(986) 497-3149,https://www.costco.com/warehouse-locations/idaho-falls-id-1379.html,"US","TBD"
Meridian,3403 W. CHINDEN BLVD,MERIDIAN,ID,83646,(986) 200-4136,https://www.costco.com/warehouse-locations/meridian-id-1343.html,"US","TBD"
Nampa,16700 N MARKET PLACE BLVD,NAMPA,ID,83687-7909,(208) 465-3800,https://www.costco.com/warehouse-locations/nampa-id-734.html,"US","TBD"
Pocatello,305 W QUINN RD,POCATELLO,ID,83201-4988,(208) 238-4040,https://www.costco.com/warehouse-locations/pocatello-id-1033.html,"US","TBD"
Twin Falls,731 POLE LINE RD,TWIN FALLS,ID,83301-3036,(208) 736-1550,https://www.costco.com/warehouse-locations/twin-falls-id-145.html,"US","TBD"
Bedford Park Business Center,7300 S CICERO AVE,CHICAGO,IL,60629-5817,(708) 552-9010,https://www.costco.com/warehouse-locations/bedford-park-business-center-chicago-il-580.html,"US","TBD"
Bloomingdale,505 W ARMY TRAIL RD,BLOOMINGDALE,IL,60108-1391,(630) 351-3059,https://www.costco.com/warehouse-locations/bloomingdale-il-371.html,"US","TBD"
Bolingbrook,830 E BOUGHTON RD,BOLINGBROOK,IL,60440-2355,(630) 410-0702,https://www.costco.com/warehouse-locations/bolingbrook-il-1088.html,"US","TBD"
Champaign,2002 N. NEIL ST,CHAMPAIGN,IL,61820,(217) 600-6538,https://www.costco.com/warehouse-locations/champaign-il-1384.html,"US","TBD"
Chicago South Loop,1430 S ASHLAND AVE,CHICAGO,IL,60608-2040,(312) 492-3609,https://www.costco.com/warehouse-locations/chicago-south-loop-chicago-il-1107.html,"US","TBD"
East Peoria,301 W WASHINGTON ST,EAST PEORIA,IL,61611-2036,(309) 427-2930,https://www.costco.com/warehouse-locations/east-peoria-il-1126.html,"US","TBD"
Glenview,2900 PATRIOT BLVD,GLENVIEW,IL,60026-8046,(847) 730-1003,https://www.costco.com/warehouse-locations/glenview-il-348.html,"US","TBD"
Lake In The Hills,250 N RANDALL RD,LAKE IN THE HILLS,IL,60156-5943,(847) 960-9910,https://www.costco.com/warehouse-locations/lake-in-the-hills-il-774.html,"US","TBD"
Lake Zurich,680 S RAND RD,LAKE ZURICH,IL,60047-3409,(847) 540-3050,https://www.costco.com/warehouse-locations/lake-zurich-il-378.html,"US","TBD"
Lincoln Park,2746 N CLYBOURN AVE,CHICAGO,IL,60614-1006,(773) 360-2053,https://www.costco.com/warehouse-locations/lincoln-park-chicago-il-380.html,"US","TBD"
Loves Park,5000 STADIUM DRIVE,LOVES PARK,IL,61111,(779) 513-8397,https://www.costco.com/warehouse-locations/loves-park-il-1353.html,"US","TBD"
Melrose Park,8400 W NORTH AVE,MELROSE PARK,IL,60160-1607,(708) 397-2905,https://www.costco.com/warehouse-locations/melrose-park-il-1085.html,"US","TBD"
Mettawa,25901 RIVERWOODS RD,METTAWA,IL,60045-3403,(847) 235-1302,https://www.costco.com/warehouse-locations/mettawa-il-1074.html,"US","TBD"
Mt Prospect,999 N ELMHURST RD,MOUNT PROSPECT,IL,60056-1133,(847) 660-2000,https://www.costco.com/warehouse-locations/mt-prospect-mount-prospect-il-779.html,"US","TBD"
Naperville,1320 S ROUTE 59,NAPERVILLE,IL,60564-5944,(630) 328-2900,https://www.costco.com/warehouse-locations/naperville-il-342.html,"US","TBD"
NE Naperville,1255 EAST OGDEN AVE,NAPERVILLE,IL,60563,(331) 215-5612,https://www.costco.com/warehouse-locations/ne-naperville-naperville-il-1443.html,"US","TBD"
Niles,7311 N MELVINA AVE,NILES,IL,60714-3905,(847) 972-3003,https://www.costco.com/warehouse-locations/niles-il-383.html,"US","TBD"
North Riverside IL,2500 SOUTH HARLEM AVE,NORTH RIVERSIDE,IL,60546-1415,(708) 853-1017,https://www.costco.com/warehouse-locations/north-riverside-il-north-riverside-il-1153.html,"US","TBD"
Oak Brook,1901 W 22ND ST,OAK BROOK,IL,60523-1759,(630) 928-0235,https://www.costco.com/warehouse-locations/oak-brook-il-388.html,"US","TBD"
Orland Park,9915 W 159TH ST,ORLAND PARK,IL,60467-4572,(708) 645-5336,https://www.costco.com/warehouse-locations/orland-park-il-647.html,"US","TBD"
Plainfield,16261 S. BOULEVARD PLACE,PLAINFIELD,IL,60586,(815) 676-1170,https://www.costco.com/warehouse-locations/plainfield-il-1388.html,"US","TBD"
Schaumburg,1375 N MEACHAM RD,SCHAUMBURG,IL,60173-4805,(847) 969-0790,https://www.costco.com/warehouse-locations/schaumburg-il-387.html,"US","TBD"
St Charles,221 S RANDALL RD,SAINT CHARLES,IL,60174-1524,(630) 549-2024,https://www.costco.com/warehouse-locations/st-charles-saint-charles-il-1040.html,"US","TBD"
Avon IN,8816 DR. CHARLES NELSON DRIVE,AVON,IN,46123,(317) 286-4742,https://www.costco.com/warehouse-locations/avon-in-avon-in-1577.html,"US","TBD"
Castleton,6110 E 86TH ST,INDIANAPOLIS,IN,46250-3507,(317) 558-1453,https://www.costco.com/warehouse-locations/castleton-indianapolis-in-346.html,"US","TBD"
Evansville,1201 CROSS POINTE PL,EVANSVILLE,IN,47715-9168,(812) 909-6572,https://www.costco.com/warehouse-locations/evansville-in-1331.html,"US","TBD"
Fortune Park,9010 MICHIGAN RD,INDIANAPOLIS,IN,46268-3184,(317) 532-1608,https://www.costco.com/warehouse-locations/fortune-park-indianapolis-in-347.html,"US","TBD"
Fort Wayne,5110 VALUE DR,FORT WAYNE,IN,46808-4048,(260) 481-1100,https://www.costco.com/warehouse-locations/fort-wayne-in-1161.html,"US","TBD"
Merrillville,1310 E 79TH AVE,MERRILLVILLE,IN,46410-5768,(219) 641-6400,https://www.costco.com/warehouse-locations/merrillville-in-370.html,"US","TBD"
Mishawaka,625 E UNIVERSITY DR,GRANGER,IN,46530-7381,(574) 401-7004,https://www.costco.com/warehouse-locations/mishawaka-granger-in-1183.html,"US","TBD"
Noblesville,14775 NORTH POINTE BLVD,NOBLESVILLE,IN,46060,(463) 238-2013,https://www.costco.com/warehouse-locations/noblesville-in-1666.html,"US","TBD"
S Indianapolis,4628 E COUNTY LINE RD,INDIANAPOLIS,IN,46237-9105,(317) 360-7076,https://www.costco.com/warehouse-locations/s-indianapolis-indianapolis-in-1227.html,"US","TBD"
Lenexa,9350 MARSHALL DR,LENEXA,KS,66215-3845,(913) 227-3703,https://www.costco.com/warehouse-locations/lenexa-ks-349.html,"US","TBD"
Overland Park,12221 BLUE VALLEY PKWY,OVERLAND PARK,KS,66213-2640,(913) 217-2050,https://www.costco.com/warehouse-locations/overland-park-ks-369.html,"US","TBD"
Wichita,9700 E KELLOGG,WICHITA,KS,67207-1821,(316) 226-7142,https://www.costco.com/warehouse-locations/wichita-ks-1200.html,"US","TBD"
Florence,800 HEIGHTS BLVD,FLORENCE,KY,41042-1415,(859) 568-7000,https://www.costco.com/warehouse-locations/florence-ky-1197.html,"US","TBD"
Lexington,1500 FITZGERALD CT,LEXINGTON,KY,40509-8307,(859) 245-3620,https://www.costco.com/warehouse-locations/lexington-ky-1156.html,"US","TBD"
Louisville,3408 BARDSTOWN RD,LOUISVILLE,KY,40218-4608,(502) 912-9869,https://www.costco.com/warehouse-locations/louisville-ky-1238.html,"US","TBD"
NE Louisville,5020 NORTON HEALTHCARE BLVD,LOUISVILLE,KY,40241-2835,(502) 420-0160,https://www.costco.com/warehouse-locations/ne-louisville-louisville-ky-634.html,"US","TBD"
Baton Rouge,10000 DAWNADELE AVE BLDG A,BATON ROUGE,LA,70809-2591,(225) 295-4600,https://www.costco.com/warehouse-locations/baton-rouge-la-1172.html,"US","TBD"
Lafayette,201 MEADOW FARM RD,LAFAYETTE,LA,70508-7277,(337) 541-7025,https://www.costco.com/warehouse-locations/lafayette-la-1201.html,"US","TBD"
New Orleans,3900 DUBLIN ST,NEW ORLEANS,LA,70118-4754,(504) 484-5220,https://www.costco.com/warehouse-locations/new-orleans-la-1147.html,"US","TBD"
Avon MA,120 STOCKWELL DR,AVON,MA,02322-1149,(508) 232-4000,https://www.costco.com/warehouse-locations/avon-ma-avon-ma-303.html,"US","TBD"
Danvers,11 NEWBURY ST,DANVERS,MA,01923-1014,(978) 750-1000,https://www.costco.com/warehouse-locations/danvers-ma-301.html,"US","TBD"
Dedham,200 LEGACY BLVD,DEDHAM,MA,02026-2653,(781) 251-9975,https://www.costco.com/warehouse-locations/dedham-ma-319.html,"US","TBD"
Everett MA,2 MYSTIC VIEW RD,EVERETT,MA,02149-2428,(617) 544-4806,https://www.costco.com/warehouse-locations/everett-ma-everett-ma-333.html,"US","TBD"
Waltham,71 2ND AVE,WALTHAM,MA,02451-1107,(781) 622-3883,https://www.costco.com/warehouse-locations/waltham-ma-308.html,"US","TBD"
West Springfield,119 DAGGETT DR,WEST SPRINGFIELD,MA,01089-4672,(413) 747-5518,https://www.costco.com/warehouse-locations/west-springfield-ma-302.html,"US","TBD"
Arundel Mills,7077 ARUNDEL MILLS CIR,HANOVER,MD,21076-1387,(410) 379-3100,https://www.costco.com/warehouse-locations/arundel-mills-hanover-md-325.html,"US","TBD"
Beltsville,10925 BALTIMORE AVE,BELTSVILLE,MD,20705-2117,(301) 902-2640,https://www.costco.com/warehouse-locations/beltsville-md-214.html,"US","TBD"
Brandywine,16006 CRAIN HWY,BRANDYWINE,MD,20613-8081,(301) 372-3200,https://www.costco.com/warehouse-locations/brandywine-md-1039.html,"US","TBD"
Columbia MD,6675 MARIE CURIE DR,ELKRIDGE,MD,21075-6457,(410) 423-4052,https://www.costco.com/warehouse-locations/columbia-md-elkridge-md-1000.html,"US","TBD"
Frederick,10 MONOCACY BLVD,FREDERICK,MD,21704-7256,(301) 644-1483,https://www.costco.com/warehouse-locations/frederick-md-330.html,"US","TBD"
Gaithersburg,880 RUSSELL AVE,GAITHERSBURG,MD,20879-3506,(301) 417-1500,https://www.costco.com/warehouse-locations/gaithersburg-md-213.html,"US","TBD"
Glen Burnie,575 E ORDNANCE RD,GLEN BURNIE,MD,21060-6555,(410) 590-8603,https://www.costco.com/warehouse-locations/glen-burnie-md-203.html,"US","TBD"
Owings Mills,10270 MILL RUN CIRCLE,OWINGS MILLS,MD,21117,(443) 501-7043,https://www.costco.com/warehouse-locations/owings-mills-md-1326.html,"US","TBD"
Wheaton,11160 VEIRS MILL RD,WHEATON,MD,20902-2538,(301) 692-1330,https://www.costco.com/warehouse-locations/wheaton-md-1124.html,"US","TBD"
White Marsh,9919 PULASKI HWY,BALTIMORE,MD,21220-1411,(410) 574-7563,https://www.costco.com/warehouse-locations/white-marsh-baltimore-md-208.html,"US","TBD"
Woodmore Towne Centre,2400 FIVE LEES LN,GLENARDEN,MD,20706-1617,(301) 341-6742,https://www.costco.com/warehouse-locations/woodmore-towne-centre-glenarden-md-1078.html,"US","TBD"
Scarborough ME,455 SCARBOROUGH DOWNS ROAD,SCARBOROUGH,ME,04074,(207) 503-9902,https://www.costco.com/warehouse-locations/scarborough-me-scarborough-me-1657.html,"US","TBD"
Auburn Hills,400 BROWN RD,AUBURN HILLS,MI,48326-1305,(248) 648-0003,https://www.costco.com/warehouse-locations/auburn-hills-mi-376.html,"US","TBD"
Bloomfield,2343 S TELEGRAPH RD,BLOOMFIELD,MI,48302-0254,(248) 836-1603,https://www.costco.com/warehouse-locations/bloomfield-mi-1037.html,"US","TBD"
Commerce Township,3000 COMMERCE XING,COMMERCE TOWNSHIP,MI,48390-3082,(248) 529-2300,https://www.costco.com/warehouse-locations/commerce-township-mi-341.html,"US","TBD"
East Lansing,2540 E SAGINAW HIGHWAY,EAST LANSING,MI,48823-9719,(517) 903-5000,https://www.costco.com/warehouse-locations/east-lansing-mi-1277.html,"US","TBD"
Grand Rapids,5100 28TH ST SE,GRAND RAPIDS,MI,49512-2049,(616) 233-4401,https://www.costco.com/warehouse-locations/grand-rapids-mi-784.html,"US","TBD"
Green Oak Township,6700 WHITMORE LAKE RD,BRIGHTON,MI,48116-2160,(810) 220-8950,https://www.costco.com/warehouse-locations/green-oak-township-brighton-mi-786.html,"US","TBD"
Haggerty,20000 HAGGERTY RD,LIVONIA,MI,48152-1011,(734) 464-6399,https://www.costco.com/warehouse-locations/haggerty-livonia-mi-391.html,"US","TBD"
Kalamazoo,5100 CENTURY AVE,KALAMAZOO,MI,49006-5714,(269) 743-2298,https://www.costco.com/warehouse-locations/kalamazoo-mi-1191.html,"US","TBD"
Lakeside,45460 MARKET ST,SHELBY TOWNSHIP,MI,48315-6224,(586) 580-2000,https://www.costco.com/warehouse-locations/lakeside-shelby-township-mi-374.html,"US","TBD"
Madison Heights,30550 STEPHENSON HWY,MADISON HEIGHTS,MI,48071-1611,(248) 616-0048,https://www.costco.com/warehouse-locations/madison-heights-mi-393.html,"US","TBD"
Middlebelt,13700 MIDDLEBELT RD,LIVONIA,MI,48150-2215,(734) 427-0563,https://www.costco.com/warehouse-locations/middlebelt-livonia-mi-390.html,"US","TBD"
Midland,4816 BAY CITY RD,MIDLAND,MI,48642,(989) 488-1553,https://www.costco.com/warehouse-locations/midland-mi-1420.html,"US","TBD"
Pittsfield Township,771 AIRPORT BLVD,ANN ARBOR,MI,48108-3601,(734) 213-8010,https://www.costco.com/warehouse-locations/pittsfield-township-ann-arbor-mi-1106.html,"US","TBD"
Roseville MI,27118 GRATIOT AVE,ROSEVILLE,MI,48066-2915,(586) 447-0191,https://www.costco.com/warehouse-locations/roseville-mi-roseville-mi-394.html,"US","TBD"
Southfield Business Center,21110 NORTHWESTERN HWY,SOUTHFIELD,MI,48075,(248) 233-8431,https://www.costco.com/warehouse-locations/southfield-business-center-southfield-mi-1663.html,"US","TBD"
Traverse City,125 E SOUTH AIRPORT RD,TRAVERSE CITY,MI,49686-4864,(231) 252-7000,https://www.costco.com/warehouse-locations/traverse-city-mi-1279.html,"US","TBD"
Wyoming,4901 WILSON AVE SW,WYOMING,MI,49418-8788,(616) 406-2651,https://www.costco.com/warehouse-locations/wyoming-mi-744.html,"US","TBD"
Baxter,13650 ELDER DR,BAXTER,MN,56425-8818,(218) 855-5740,https://www.costco.com/warehouse-locations/baxter-mn-1122.html,"US","TBD"
Burnsville,14050 BURNHAVEN DR,BURNSVILLE,MN,55337-4407,(952) 229-6449,https://www.costco.com/warehouse-locations/burnsville-mn-1087.html,"US","TBD"
Coon Rapids,12547 RIVERDALE BLVD NW,MINNEAPOLIS,MN,55448-6708,(763) 712-7763,https://www.costco.com/warehouse-locations/coon-rapids-minneapolis-mn-372.html,"US","TBD"
Duluth,4611 W ARROWHEAD RD.,DULUTH,MN,55811,(218) 600-5978,https://www.costco.com/warehouse-locations/duluth-mn-1422.html,"US","TBD"
Eagan,995 BLUE GENTIAN RD,EAGAN,MN,55121-1542,(612) 439-8060,https://www.costco.com/warehouse-locations/eagan-mn-1363.html,"US","TBD"
Eden Prairie,12011 TECHNOLOGY DR,EDEN PRAIRIE,MN,55344-3620,(952) 943-4801,https://www.costco.com/warehouse-locations/eden-prairie-mn-783.html,"US","TBD"
Maple Grove,11330 FOUNTAINS DR,MAPLE GROVE,MN,55369-7200,(763) 494-8050,https://www.costco.com/warehouse-locations/maple-grove-mn-648.html,"US","TBD"
Maplewood,1431 BEAM AVE,MAPLEWOOD,MN,55109-1064,(612) 486-1740,https://www.costco.com/warehouse-locations/maplewood-mn-1021.html,"US","TBD"
Minneapolis Business Center,3311 BROADWAY ST NE,MINNEAPOLIS,MN,55413-4553,(651) 502-7600,https://www.costco.com/warehouse-locations/minneapolis-business-center-minneapolis-mn-652.html,"US","TBD"
Rochester MN,2020 COMMERCE DR NW,ROCHESTER,MN,55901-3246,(507) 286-1860,https://www.costco.com/warehouse-locations/rochester-mn-rochester-mn-1125.html,"US","TBD"
St Cloud,3636 2ND ST S,SAINT CLOUD,MN,56301-3732,(320) 316-9865,https://www.costco.com/warehouse-locations/st-cloud-saint-cloud-mn-1344.html,"US","TBD"
St Louis Park,5801 W 16TH ST,SAINT LOUIS PARK,MN,55416-1446,(763) 582-9603,https://www.costco.com/warehouse-locations/st-louis-park-saint-louis-park-mn-377.html,"US","TBD"
Woodbury,7070 TAMARACK ROAD,WOODBURY,MN,55125-1205,(612) 540-5458,https://www.costco.com/warehouse-locations/woodbury-mn-1272.html,"US","TBD"
Independence,19040 E VALLEY VIEW PKWY,INDEPENDENCE,MO,64055-7004,(816) 200-2003,https://www.costco.com/warehouse-locations/independence-mo-373.html,"US","TBD"
Kansas City,241 E LINWOOD BLVD,KANSAS CITY,MO,64111-1119,(816) 216-0003,https://www.costco.com/warehouse-locations/kansas-city-mo-375.html,"US","TBD"
Manchester MO,301 HIGHLANDS BLVD DRIVE,MANCHESTER,MO,63011-4385,(636) 686-7400,https://www.costco.com/warehouse-locations/manchester-mo-manchester-mo-1060.html,"US","TBD"
N Kansas City,1600 NW 88TH ST,KANSAS CITY,MO,64155-2410,(816) 857-7086,https://www.costco.com/warehouse-locations/n-kansas-city-kansas-city-mo-1268.html,"US","TBD"
Springfield,279 N. EASTGATE AVENUE,SPRINGFIELD,MO,65802,(417) 512-8939,https://www.costco.com/warehouse-locations/springfield-mo-1486.html,"US","TBD"
S St Louis,4200 RUSTY RD,SAINT LOUIS,MO,63128-1973,(314) 894-7950,https://www.costco.com/warehouse-locations/s-st-louis-saint-louis-mo-368.html,"US","TBD"
St John Business Center,8421 ST JOHN INDUSTRIAL LANE,ST. LOUIS,MO,63114,(314) 219-1195,https://www.costco.com/warehouse-locations/st-john-business-center-st-louis-mo-1665.html,"US","TBD"
St Peters,200 COSTCO WAY,SAINT PETERS,MO,63376-4385,(636) 970-4004,https://www.costco.com/warehouse-locations/st-peters-saint-peters-mo-382.html,"US","TBD"
University City,8685 OLIVE BLVD,SAINT LOUIS,MO,63132-2503,(314) 219-5300,https://www.costco.com/warehouse-locations/university-city-saint-louis-mo-1488.html,"US","TBD"
Ridgeland,700 HIGHLAND COLONY PKWY,RIDGELAND,MS,39157,(601) 499-8581,https://www.costco.com/warehouse-locations/ridgeland-ms-1366.html,"US","TBD"
Billings,3880 ZOO DRIVE,BILLINGS,MT,59106-3963,(406) 601-8273,https://www.costco.com/warehouse-locations/billings-mt-1644.html,"US","TBD"
Bozeman,2505 CATRON ST,BOZEMAN,MT,59718-7993,(406) 585-0383,https://www.costco.com/warehouse-locations/bozeman-mt-96.html,"US","TBD"
Helena,2195 E CUSTER AVE,HELENA,MT,59602-1217,(406) 495-7042,https://www.costco.com/warehouse-locations/helena-mt-633.html,"US","TBD"
Kalispell,2330 US HIGHWAY 93 N,KALISPELL,MT,59901-2547,(406) 758-2500,https://www.costco.com/warehouse-locations/kalispell-mt-745.html,"US","TBD"
Missoula,3220 N RESERVE ST,MISSOULA,MT,59808-1556,(406) 543-6445,https://www.costco.com/warehouse-locations/missoula-mt-67.html,"US","TBD"
Apex,1021 PINE PLAZA DR,APEX,NC,27523-6406,(919) 331-6027,https://www.costco.com/warehouse-locations/apex-nc-1206.html,"US","TBD"
Charlotte,500 TYVOLA RD,CHARLOTTE,NC,28217-3504,(704) 501-2403,https://www.costco.com/warehouse-locations/charlotte-nc-359.html,"US","TBD"
Durham,1510 N POINTE DR,DURHAM,NC,27705-3405,(919) 220-2770,https://www.costco.com/warehouse-locations/durham-nc-249.html,"US","TBD"
Garner,7800 FAYETTEVILLE RD.,RALEIGH,NC,27603,(984) 810-5030,https://www.costco.com/warehouse-locations/garner-raleigh-nc-1587.html,"US","TBD"
Greensboro,4201 W WENDOVER AVE,GREENSBORO,NC,27407-1908,(336) 291-4010,https://www.costco.com/warehouse-locations/greensboro-nc-339.html,"US","TBD"
Matthews,2125 MATTHEWS TOWNSHIP PKWY,MATTHEWS,NC,28105-5766,(704) 321-7440,https://www.costco.com/warehouse-locations/matthews-nc-367.html,"US","TBD"
Mooresville,392 TALBERT RD,MOORESVILLE,NC,28117,(980) 447-9749,https://www.costco.com/warehouse-locations/mooresville-nc-1333.html,"US","TBD"
Raleigh,2838 WAKE FOREST RD,RALEIGH,NC,27609-7840,(919) 755-2801,https://www.costco.com/warehouse-locations/raleigh-nc-645.html,"US","TBD"
Wilmington,5351 GINGERWOOD DR,WILMINGTON,NC,28405-3091,(910) 798-3250,https://www.costco.com/warehouse-locations/wilmington-nc-635.html,"US","TBD"
Winston Salem,1085 HANES MALL BLVD,WINSTON SALEM,NC,27103-1310,(336) 970-2300,https://www.costco.com/warehouse-locations/winston-salem-nc-361.html,"US","TBD"
Bismarck,1325 57TH AVE NE,BISMARCK,ND,58503-6581,(701) 415-7003,https://www.costco.com/warehouse-locations/bismarck-nd-1380.html,"US","TBD"
West Fargo ND,750 23RD AVE EAST,WEST FARGO,ND,58078-7804,(701) 281-2220,https://www.costco.com/warehouse-locations/west-fargo-nd-west-fargo-nd-1119.html,"US","TBD"
La Vista,12515 PORTSIDE PARKWAY,LA VISTA,NE,68128-5622,(402) 378-7398,https://www.costco.com/warehouse-locations/la-vista-ne-1237.html,"US","TBD"
Lincoln,1620 PINE LAKE ROAD,LINCOLN,NE,68512-3612,(531) 333-7559,https://www.costco.com/warehouse-locations/lincoln-ne-1285.html,"US","TBD"
Omaha,12300 W DODGE RD,OMAHA,NE,68154-2382,(402) 952-3240,https://www.costco.com/warehouse-locations/omaha-ne-1012.html,"US","TBD"
Nashua,311 DANIEL WEBSTER HWY,NASHUA,NH,03060-5702,(603) 888-3640,https://www.costco.com/warehouse-locations/nashua-nh-307.html,"US","TBD"
Bayonne,21 GOLDSBOROUGH DR,BAYONNE,NJ,07002,(201) 354-2335,https://www.costco.com/warehouse-locations/bayonne-nj-1334.html,"US","TBD"
Brick Township,465 ROUTE 70,BRICK,NJ,08723-4049,(732) 262-6300,https://www.costco.com/warehouse-locations/brick-township-brick-nj-739.html,"US","TBD"
Bridgewater,325 PROMENADE BLVD,BRIDGEWATER,NJ,08807-3457,(732) 584-1003,https://www.costco.com/warehouse-locations/bridgewater-nj-322.html,"US","TBD"
Cherry Hill,650 GARDEN PARK BLVD,CHERRY HILL,NJ,08002-4250,(856) 406-7430,https://www.costco.com/warehouse-locations/cherry-hill-nj-1415.html,"US","TBD"
Clifton,20 BRIDEWELL PL,CLIFTON,NJ,07014-1724,(973) 779-8715,https://www.costco.com/warehouse-locations/clifton-nj-306.html,"US","TBD"
East Hanover,156 SR-10 WEST,EAST HANOVER,NJ,07936-2107,(973) 602-2000,https://www.costco.com/warehouse-locations/east-hanover-nj-244.html,"US","TBD"
Edison,205 VINEYARD RD,EDISON,NJ,08817-4785,(732) 491-2023,https://www.costco.com/warehouse-locations/edison-nj-323.html,"US","TBD"
Flemington,2A WALTER E FORAN BLVD N,FLEMINGTON,NJ,08822,(908) 905-7210,https://www.costco.com/warehouse-locations/flemington-nj-1236.html,"US","TBD"
Hackensack Business Center,80 S RIVER ST,HACKENSACK,NJ,07601-6954,(201) 296-3044,https://www.costco.com/warehouse-locations/hackensack-business-center-hackensack-nj-729.html,"US","TBD"
Hazlet,2835 ROUTE 35 N,HAZLET,NJ,07730-1516,(732) 335-3800,https://www.costco.com/warehouse-locations/hazlet-nj-222.html,"US","TBD"
Manahawkin,245 STAFFORD PARK BLVD,STAFFORD TOWNSHIP,NJ,08050-2734,(609) 242-2011,https://www.costco.com/warehouse-locations/manahawkin-stafford-township-nj-1025.html,"US","TBD"
Marlboro,18 ROUTE 9 NORTH,MORGANVILLE,NJ,07751-1526,(732) 617-4340,https://www.costco.com/warehouse-locations/marlboro-morganville-nj-1093.html,"US","TBD"
Mt Laurel,100 CENTERTON RD,MOUNT LAUREL,NJ,08054-6103,(856) 359-3650,https://www.costco.com/warehouse-locations/mt-laurel-mount-laurel-nj-749.html,"US","TBD"
North Brunswick,100 GRAND AVENUE,NORTH BRUNSWICK,NJ,08902-5026,(732) 509-3905,https://www.costco.com/warehouse-locations/north-brunswick-nj-1174.html,"US","TBD"
North Plainfield,1290 US HIGHWAY 22E,NORTH PLAINFIELD,NJ,07060-3518,(908) 546-5666,https://www.costco.com/warehouse-locations/north-plainfield-nj-1166.html,"US","TBD"
Ocean Township,2361 STATE ROUTE 66,OCEAN,NJ,07712-3961,(732) 481-0023,https://www.costco.com/warehouse-locations/ocean-township-ocean-nj-329.html,"US","TBD"
Princeton,4100 QUAKERBRIDGE RD,LAWRENCE TOWNSHIP,NJ,08648-4702,(609) 779-7000,https://www.costco.com/warehouse-locations/princeton-lawrence-township-nj-1199.html,"US","TBD"
Teterboro,2 TETERBORO LANDING DR,TETERBORO,NJ,07608-1120,(201) 596-7001,https://www.costco.com/warehouse-locations/teterboro-nj-1214.html,"US","TBD"
Union,1055 HUDSON ST,UNION,NJ,07083-6809,(908) 810-1458,https://www.costco.com/warehouse-locations/union-nj-320.html,"US","TBD"
Wayne,149 STATE ROUTE 23,WAYNE,NJ,07470-6933,(973) 339-4006,https://www.costco.com/warehouse-locations/wayne-nj-1177.html,"US","TBD"
Wharton,315 STATE ROUTE 15 N,WHARTON,NJ,07885-1222,(973) 659-2000,https://www.costco.com/warehouse-locations/wharton-nj-315.html,"US","TBD"
Albuquerque,1420 N RENAISSANCE BLVD NE,ALBUQUERQUE,NM,87107-7008,(505) 345-9411,https://www.costco.com/warehouse-locations/albuquerque-nm-116.html,"US","TBD"
NW Albuquerque,9955 COORS BYPASS NW,ALBUQUERQUE,NM,87114-6196,(505) 922-7400,https://www.costco.com/warehouse-locations/nw-albuquerque-albuquerque-nm-1016.html,"US","TBD"
SE Albuquerque,500 EUBANK BLVD SE,ALBUQUERQUE,NM,87123-3338,(505) 332-6603,https://www.costco.com/warehouse-locations/se-albuquerque-albuquerque-nm-667.html,"US","TBD"
Carson City,700 OLD CLEAR CREEK RD,CARSON CITY,NV,89705-6853,(775) 881-2503,https://www.costco.com/warehouse-locations/carson-city-nv-127.html,"US","TBD"
Centennial,6555 N. DECATUR BLVD,LAS VEGAS,NV,89131-2796,(702) 415-2300,https://www.costco.com/warehouse-locations/centennial-las-vegas-nv-737.html,"US","TBD"
Henderson,791 MARKS ST,HENDERSON,NV,89014-8601,(702) 352-2000,https://www.costco.com/warehouse-locations/henderson-nv-673.html,"US","TBD"
Las Vegas Business Center,222 S MARTIN L KING BLVD,LAS VEGAS,NV,89106-4305,(702) 384-6247,https://www.costco.com/warehouse-locations/las-vegas-business-center-las-vegas-nv-563.html,"US","TBD"
Sparks,4810 GALLERIA PKWY,SPARKS,NV,89436-9605,(775) 356-4400,https://www.costco.com/warehouse-locations/sparks-nv-646.html,"US","TBD"
Summerlin,801 S PAVILION CENTER DR,LAS VEGAS,NV,89144-4566,(702) 352-2053,https://www.costco.com/warehouse-locations/summerlin-las-vegas-nv-685.html,"US","TBD"
SW Henderson,3411 SAINT ROSE PKWY,HENDERSON,NV,89052-4570,(702) 803-7044,https://www.costco.com/warehouse-locations/sw-henderson-henderson-nv-1320.html,"US","TBD"
Reno,2200 HARVARD WAY,RENO,NV,89502-4004,(775) 689-2200,https://www.costco.com/warehouse-locations/reno-nv-25.html,"US","TBD"
Brooklyn,976 3RD AVE,BROOKLYN,NY,11232-2400,(718) 965-7603,https://www.costco.com/warehouse-locations/brooklyn-ny-318.html,"US","TBD"
Commack,10 GARET PL,COMMACK,NY,11725-5421,(631) 462-3900,https://www.costco.com/warehouse-locations/commack-ny-240.html,"US","TBD"
Holbrook,125 BEACON DR,HOLBROOK,NY,11741-4309,(631) 244-0292,https://www.costco.com/warehouse-locations/holbrook-ny-230.html,"US","TBD"
Lawrence,605 ROCKAWAY TPKE,LAWRENCE,NY,11559-1047,(516) 371-2017,https://www.costco.com/warehouse-locations/lawrence-ny-310.html,"US","TBD"
Manhattan,517 E 117TH ST,NEW YORK,NY,10035-4409,(212) 896-5875,https://www.costco.com/warehouse-locations/manhattan-new-york-ny-1062.html,"US","TBD"
Melville,625 BROADHOLLOW RD,MELVILLE,NY,11747-5006,(631) 293-8707,https://www.costco.com/warehouse-locations/melville-ny-237.html,"US","TBD"
Nanuet,50 OVERLOOK BLVD,NANUET,NY,10954-5290,(845) 425-1469,https://www.costco.com/warehouse-locations/nanuet-ny-305.html,"US","TBD"
Nesconset,3000 MIDDLE COUNTRY RD,NESCONSET,NY,11767-1072,(631) 366-1504,https://www.costco.com/warehouse-locations/nesconset-ny-206.html,"US","TBD"
New Rochelle,1 INDUSTRIAL LN,NEW ROCHELLE,NY,10805-1203,(914) 235-2233,https://www.costco.com/warehouse-locations/new-rochelle-ny-241.html,"US","TBD"
Oceanside,3705 HAMPTON RD,OCEANSIDE,NY,11572-4808,(516) 259-7002,https://www.costco.com/warehouse-locations/oceanside-ny-1215.html,"US","TBD"
Port Chester,1 WESTCHESTER AVE,PORT CHESTER,NY,10573-4314,(914) 935-3103,https://www.costco.com/warehouse-locations/port-chester-ny-326.html,"US","TBD"
Queens,3250 VERNON BLVD,LONG ISLAND CITY,NY,11106-4927,(718) 267-3680,https://www.costco.com/warehouse-locations/queens-long-island-city-ny-243.html,"US","TBD"
Rego Park,6135 JUNCTION BLVD,REGO PARK,NY,11374-2771,(718) 760-2180,https://www.costco.com/warehouse-locations/rego-park-ny-1070.html,"US","TBD"
Riverhead,1768 OLD COUNTRY RD,RIVERHEAD,NY,11901-3146,(631) 655-0110,https://www.costco.com/warehouse-locations/riverhead-ny-785.html,"US","TBD"
Rochester NY,335 WESTFALL ROAD,ROCHESTER,NY,14620-4603,(585) 471-6906,https://www.costco.com/warehouse-locations/rochester-ny-rochester-ny-1195.html,"US","TBD"
Staten Island,2975 RICHMOND AVE,STATEN ISLAND,NY,10314-5851,(718) 982-9525,https://www.costco.com/warehouse-locations/staten-island-ny-316.html,"US","TBD"
Syracuse,120 TOWNSHIP BLVD,CAMILLUS,NY,13031-1659,(315) 883-2361,https://www.costco.com/warehouse-locations/syracuse-camillus-ny-1176.html,"US","TBD"
Westbury,1250 OLD COUNTRY RD,WESTBURY,NY,11590-5624,(516) 683-8300,https://www.costco.com/warehouse-locations/westbury-ny-226.html,"US","TBD"
Yonkers,20 STEW LEONARD DR,YONKERS,NY,10710-7204,(914) 595-1003,https://www.costco.com/warehouse-locations/yonkers-ny-321.html,"US","TBD"
Avon OH,35804 DETROIT ROAD,AVON,OH,44011-1681,(440) 930-0103,https://www.costco.com/warehouse-locations/avon-oh-avon-oh-343.html,"US","TBD"
Boston Heights,6720 BASS PRO DR,BOSTON HEIGHTS,OH,44236-1198,(330) 341-7000,https://www.costco.com/warehouse-locations/boston-heights-oh-1226.html,"US","TBD"
Centerville,5300 CORNERSTONE NORTH BLVD,CENTERVILLE,OH,45440-2268,(937) 640-6000,https://www.costco.com/warehouse-locations/centerville-oh-1185.html,"US","TBD"
Columbus,1500 GEMINI PL,COLUMBUS,OH,43240-7002,(614) 987-1900,https://www.costco.com/warehouse-locations/columbus-oh-632.html,"US","TBD"
Deerfield,9691 WATERSTONE BLVD,CINCINNATI,OH,45249-8220,(513) 774-0024,https://www.costco.com/warehouse-locations/deerfield-cincinnati-oh-384.html,"US","TBD"
Easton OH,3888 STELZER RD,COLUMBUS,OH,43219-3044,(614) 934-6211,https://www.costco.com/warehouse-locations/easton-oh-columbus-oh-1160.html,"US","TBD"
Liberty Township,7135 VETERANS BOULEVARD,LIBERTY TOWNSHIP,OH,45069,(513) 346-7940,https://www.costco.com/warehouse-locations/liberty-township-oh-1632.html,"US","TBD"
Mayfield Heights,1409 GOLDEN GATE BLVD,CLEVELAND,OH,44124-1808,(440) 544-1350,https://www.costco.com/warehouse-locations/mayfield-heights-cleveland-oh-344.html,"US","TBD"
North Canton,4953 HUCKLEBERRY ST NW,NORTH CANTON,OH,44720,(330) 818-0000,https://www.costco.com/warehouse-locations/north-canton-oh-1635.html,"US","TBD"
NW Columbus,7300 STATE ROUTE 161 E,PLAIN CITY,OH,43064-9276,(614) 733-5002,https://www.costco.com/warehouse-locations/nw-columbus-plain-city-oh-1243.html,"US","TBD"
Perrysburg,26400 DIXIE HWY,PERRYSBURG,OH,43551-1967,(567) 368-6000,https://www.costco.com/warehouse-locations/perrysburg-oh-1194.html,"US","TBD"
Strongsville,16690 ROYALTON RD,STRONGSVILLE,OH,44136-4433,(440) 783-3415,https://www.costco.com/warehouse-locations/strongsville-oh-625.html,"US","TBD"
Toledo,3405 W CENTRAL AVE,TOLEDO,OH,43606-1402,(419) 381-5000,https://www.costco.com/warehouse-locations/toledo-oh-1007.html,"US","TBD"
Moore,2651 S. TELEPHONE RD,MOORE,OK,73160-0008,(405) 300-7661,https://www.costco.com/warehouse-locations/moore-ok-1444.html,"US","TBD"
North Tulsa,4816 N 118TH AVE E,TULSA,OK,74116,(539) 235-5110,https://www.costco.com/warehouse-locations/north-tulsa-tulsa-ok-1640.html,"US","TBD"
Oklahoma City,13200 N WESTERN AVE,OKLAHOMA CITY,OK,73114,(405) 832-5102,https://www.costco.com/warehouse-locations/oklahoma-city-ok-1350.html,"US","TBD"
Tulsa,10220 S MEMORIAL DR,TULSA,OK,74133-7179,(918) 710-2220,https://www.costco.com/warehouse-locations/tulsa-ok-1207.html,"US","TBD"
Albany,3130 KILLDEER AVE SE,ALBANY,OR,97322-5359,(541) 918-7043,https://www.costco.com/warehouse-locations/albany-or-682.html,"US","TBD"
Aloha,15901 SW JENKINS RD,ALOHA,OR,97006-5045,(503) 644-7615,https://www.costco.com/warehouse-locations/aloha-or-9.html,"US","TBD"
Bend,2500 NE HIGHWAY 20,BEND,OR,97701-6277,(541) 385-9640,https://www.costco.com/warehouse-locations/bend-or-101.html,"US","TBD"
Central Point,3075 HAMRICK ROAD,CENTRAL POINT,OR,97502-2844,(541) 734-4227,https://www.costco.com/warehouse-locations/central-point-or-1287.html,"US","TBD"
Clackamas,13130 SE 84TH AVE,CLACKAMAS,OR,97015-9733,(503) 794-5500,https://www.costco.com/warehouse-locations/clackamas-or-97.html,"US","TBD"
Eugene,2828 CHAD DR,EUGENE,OR,97408-7336,(541) 683-8126,https://www.costco.com/warehouse-locations/eugene-or-17.html,"US","TBD"
Hillsboro,1255 NE 48TH AVE,HILLSBORO,OR,97124-5008,(503) 681-2800,https://www.costco.com/warehouse-locations/hillsboro-or-692.html,"US","TBD"
Portland,4849 NE 138TH AVE,PORTLAND,OR,97230-3401,(503) 252-2243,https://www.costco.com/warehouse-locations/portland-or-2.html,"US","TBD"
Roseburg,4141 NE STEPHENS ST,ROSEBURG,OR,97470-1161,(541) 378-0020,https://www.costco.com/warehouse-locations/roseburg-or-1073.html,"US","TBD"
Salem,4885 27TH AVE. SE,SALEM,OR,97306-6919,(503) 371-1729,https://www.costco.com/warehouse-locations/salem-or-1492.html,"US","TBD"
Tigard,7850 SW DARTMOUTH ST,TIGARD,OR,97223-8401,(503) 639-0811,https://www.costco.com/warehouse-locations/tigard-or-111.html,"US","TBD"
Warrenton,1804 SE ENSIGN LN,WARRENTON,OR,97146-7339,(503) 338-4103,https://www.costco.com/warehouse-locations/warrenton-or-1059.html,"US","TBD"
Wilsonville,25900 SW HEATHER PL,WILSONVILLE,OR,97070-5785,(503) 825-4003,https://www.costco.com/warehouse-locations/wilsonville-or-766.html,"US","TBD"
Allentown,791 N KROCKS RD,ALLENTOWN,PA,18106-9046,(484) 273-7056,https://www.costco.com/warehouse-locations/allentown-pa-1211.html,"US","TBD"
Bucks County,100 VETERANS WAY,WARMINSTER,PA,18974-3533,(215) 347-1950,https://www.costco.com/warehouse-locations/bucks-county-warminster-pa-1103.html,"US","TBD"
Concordville,700 EVERGREEN DR,GLEN MILLS,PA,19342-2102,(610) 387-2205,https://www.costco.com/warehouse-locations/concordville-glen-mills-pa-1114.html,"US","TBD"
Cranberry Township,1050 CRANBERRY SQUARE DR,CRANBERRY TOWNSHIP,PA,16066-6142,(724) 778-6300,https://www.costco.com/warehouse-locations/cranberry-township-pa-328.html,"US","TBD"
Harrisburg,5125 JONESTOWN RD STE 221,HARRISBURG,PA,17112-2983,(717) 412-2050,https://www.costco.com/warehouse-locations/harrisburg-pa-327.html,"US","TBD"
Homestead,501 WATERFRONT DR W,HOMESTEAD,PA,15120-5009,(412) 205-1000,https://www.costco.com/warehouse-locations/homestead-pa-649.html,"US","TBD"
King Of Prussia,201 ALLENDALE RD,KING OF PRUSSIA,PA,19406-1634,(610) 337-6601,https://www.costco.com/warehouse-locations/king-of-prussia-pa-245.html,"US","TBD"
Lancaster PA,1875 HEMPSTEAD RD,LANCASTER,PA,17601-5671,(717) 396-8460,https://www.costco.com/warehouse-locations/lancaster-pa-lancaster-pa-317.html,"US","TBD"
Montgomeryville,740 UPPER STATE RD,NORTH WALES,PA,19454-1403,(215) 353-4153,https://www.costco.com/warehouse-locations/montgomeryville-north-wales-pa-248.html,"US","TBD"
Robinson,202 COSTCO DR,PITTSBURGH,PA,15205-4858,(412) 490-2204,https://www.costco.com/warehouse-locations/robinson-pittsburgh-pa-332.html,"US","TBD"
Sanatoga,14 W LIGHTCAP RD,POTTSTOWN,PA,19464-3413,(610) 569-4137,https://www.costco.com/warehouse-locations/sanatoga-pottstown-pa-1081.html,"US","TBD"
Caguas,"200 AVE RAFAEL CORDERO, PR#30",CAGUAS BAIROA WARD,PR,00725-4302,(787) 653-6930,https://www.costco.com/warehouse-locations/caguas-caguas-bairoa-ward-pr-365.html,"US","TBD"
Carolina,1185 AVE 65 INFANTERIA,SAN JUAN,PR,00924-3403,(787) 999-7230,https://www.costco.com/warehouse-locations/carolina-san-juan-pr-335.html,"US","TBD"
E Bayamon,125 CALLE A,BAYAMON,PR,00959,(787) 993-9303,https://www.costco.com/warehouse-locations/e-bayamon-bayamon-pr-363.html,"US","TBD"
PR Home Showroom,CARR 176 KM 0.5,SAN JUAN,PR,00926,(888) 860-0413,https://www.costco.com/warehouse-locations/pr-home-showroom-san-juan-pr-1622.html,"US","TBD"
W Bayamon,"PR-2, KM 15.5",BAYAMON,PR,00961,(787) 474-6930,https://www.costco.com/warehouse-locations/w-bayamon-bayamon-pr-364.html,"US","TBD"
Charleston,3050 ASHLEY TOWN CENTER DR,CHARLESTON,SC,29414-5664,(843) 460-2003,https://www.costco.com/warehouse-locations/charleston-sc-360.html,"US","TBD"
Columbia SC,507 PINEY GROVE RD,COLUMBIA,SC,29210-3405,(803) 875-7130,https://www.costco.com/warehouse-locations/columbia-sc-columbia-sc-1232.html,"US","TBD"
Greenville,1021 WOODRUFF RD,GREENVILLE,SC,29607-4108,(864) 297-2560,https://www.costco.com/warehouse-locations/greenville-sc-1005.html,"US","TBD"
Mt Pleasant,3525 PARK AVENUE BLVD,MOUNT PLEASANT,SC,29466-7242,(843) 375-7021,https://www.costco.com/warehouse-locations/mt-pleasant-mount-pleasant-sc-1319.html,"US","TBD"
Myrtle Beach,1021 OAK FOREST LN,MYRTLE BEACH,SC,29577-9795,(843) 839-6604,https://www.costco.com/warehouse-locations/myrtle-beach-sc-338.html,"US","TBD"
Spartanburg,211 W BLACKSTOCK RD,SPARTANBURG,SC,29301-1382,(864) 515-4942,https://www.costco.com/warehouse-locations/spartanburg-sc-1008.html,"US","TBD"
Sioux Falls,3700 S GRANGE AVE,SIOUX FALLS,SD,57105-6359,(605) 988-9140,https://www.costco.com/warehouse-locations/sioux-falls-sd-1159.html,"US","TBD"
Brentwood,98 SEABOARD LN,BRENTWOOD,TN,37027-2930,(615) 493-1003,https://www.costco.com/warehouse-locations/brentwood-tn-386.html,"US","TBD"
Farragut,10745 KINGSTON PIKE,KNOXVILLE,TN,37934-3002,(865) 218-7700,https://www.costco.com/warehouse-locations/farragut-knoxville-tn-1116.html,"US","TBD"
Hendersonville,1101 FOREST RETREAT RD,HENDERSONVILLE,TN,37075,(615) 348-3248,https://www.costco.com/warehouse-locations/hendersonville-tn-1659.html,"US","TBD"
Murfreesboro,1524 BEASIE RD,MURFREESBORO,TN,37128,(615) 439-2639,https://www.costco.com/warehouse-locations/murfreesboro-tn-1448.html,"US","TBD"
NE Memphis,2431 N GERMANTOWN PKWY,CORDOVA,TN,38016-4494,(901) 214-0003,https://www.costco.com/warehouse-locations/ne-memphis-cordova-tn-352.html,"US","TBD"
SE Memphis,3775 HACKS CROSS RD,MEMPHIS,TN,38125-2302,(901) 214-0054,https://www.costco.com/warehouse-locations/se-memphis-memphis-tn-353.html,"US","TBD"
W Nashville,6670 CHARLOTTE PIKE,NASHVILLE,TN,37209-4202,(615) 354-5100,https://www.costco.com/warehouse-locations/w-nashville-nashville-tn-630.html,"US","TBD"
Arlington,600 W ARBROOK BLVD,ARLINGTON,TX,76014-3702,(817) 417-1603,https://www.costco.com/warehouse-locations/arlington-tx-668.html,"US","TBD"
Austin,10401 RESEARCH BLVD,AUSTIN,TX,78759-5712,(512) 634-2253,https://www.costco.com/warehouse-locations/austin-tx-681.html,"US","TBD"
Bunker Hill,1150 BUNKER HILL RD,HOUSTON,TX,77055-6208,(713) 576-2053,https://www.costco.com/warehouse-locations/bunker-hill-houston-tx-680.html,"US","TBD"
Cedar Park TX,4601 183A TOLL RD,CEDAR PARK,TX,78613-6310,(512) 690-9059,https://www.costco.com/warehouse-locations/cedar-park-tx-cedar-park-tx-1152.html,"US","TBD"
College Station,4321 STATE HWY 6 SOUTH,COLLEGE STATION,TX,77845,(979) 321-6550,https://www.costco.com/warehouse-locations/college-station-tx-1614.html,"US","TBD"
Cypress TX,26960 NW FREEWAY,CYPRESS,TX,77433-4934,(832) 653-4576,https://www.costco.com/warehouse-locations/cypress-tx-cypress-tx-1208.html,"US","TBD"
Dallas Business Center,8282 PARK LN,DALLAS,TX,75231-6023,(469) 498-6623,https://www.costco.com/warehouse-locations/dallas-business-center-dallas-tx-655.html,"US","TBD"
Dallas,8055 CHURCHILL WAY,DALLAS,TX,75251-2149,(469) 680-7546,https://www.costco.com/warehouse-locations/dallas-tx-1266.html,"US","TBD"
Duncanville,250 W HIGHWAY 67,DUNCANVILLE,TX,75137-4415,(469) 221-8113,https://www.costco.com/warehouse-locations/duncanville-tx-636.html,"US","TBD"
El Paso,6101 GATEWAY BLVD W SUITE #1,EL PASO,TX,79925-3416,(915) 774-5203,https://www.costco.com/warehouse-locations/el-paso-tx-768.html,"US","TBD"
E Plano,3800 N CENTRAL EXPY,PLANO,TX,75074-2221,(972) 244-0003,https://www.costco.com/warehouse-locations/e-plano-plano-tx-664.html,"US","TBD"
Fort Worth,5300 OVERTON RIDGE BLVD,FORT WORTH,TX,76132-3301,(817) 210-0003,https://www.costco.com/warehouse-locations/fort-worth-tx-489.html,"US","TBD"
Frisco,11220 DALLAS PKWY,FRISCO,TX,75033-4102,(469) 200-7116,https://www.costco.com/warehouse-locations/frisco-tx-1097.html,"US","TBD"
Galleria,3836 RICHMOND AVE,HOUSTON,TX,77027-5802,(832) 325-5850,https://www.costco.com/warehouse-locations/galleria-houston-tx-1018.html,"US","TBD"
Georgetown,2201A N IH 35,GEORGETOWN,TX,78628,(512) 240-9201,https://www.costco.com/warehouse-locations/georgetown-tx-1385.html,"US","TBD"
Humble,21802 TOWNSEN BLVD W.,HUMBLE,TX,77338-1594,(281) 707-7051,https://www.costco.com/warehouse-locations/humble-tx-1228.html,"US","TBD"
Kyle,19086 IH 35,KYLE,TX,78640,(512) 400-2311,https://www.costco.com/warehouse-locations/kyle-tx-1629.html,"US","TBD"
Lewisville,851 STATE HIGHWAY 121 BYP,LEWISVILLE,TX,75067-4158,(469) 948-1026,https://www.costco.com/warehouse-locations/lewisville-tx-683.html,"US","TBD"
Lubbock TX,6020 34TH ST,LUBBOCK,TX,79407-3102,(806) 784-1450,https://www.costco.com/warehouse-locations/lubbock-tx-lubbock-tx-1163.html,"US","TBD"
McKinney,3650 W UNIVERSITY DR,MCKINNEY,TX,75071-2934,(469) 347-6421,https://www.costco.com/warehouse-locations/mckinney-tx-1284.html,"US","TBD"
N Fort Worth,8900 TEHAMA RIDGE PKWY,FORT WORTH,TX,76177-2004,(817) 806-9833,https://www.costco.com/warehouse-locations/n-fort-worth-fort-worth-tx-1173.html,"US","TBD"
NW San Antonio,5611 UTSA BLVD,SAN ANTONIO,TX,78249-1619,(210) 200-2050,https://www.costco.com/warehouse-locations/nw-san-antonio-san-antonio-tx-689.html,"US","TBD"
Pearland,3500 BUSINESS CENTER DRIVE,PEARLAND,TX,77584-1952,(281) 707-7001,https://www.costco.com/warehouse-locations/pearland-tx-1221.html,"US","TBD"
Pflugerville,1901 KELLY LN,PFLUGERVILLE,TX,78660,(737) 888-6037,https://www.costco.com/warehouse-locations/pflugerville-tx-1322.html,"US","TBD"
Pharr,1501 W KELLY AVE,PHARR,TX,78577-5031,(956) 354-3900,https://www.costco.com/warehouse-locations/pharr-tx-1108.html,"US","TBD"
Rockwall,1225 STATE HIGHWAY 276,ROCKWALL,TX,75032-9376,(972) 772-1602,https://www.costco.com/warehouse-locations/rockwall-tx-1049.html,"US","TBD"
S Austin,4301 W WILLIAM CANNON DR BLDG A STE,AUSTIN,TX,78749-1499,(512) 382-3013,https://www.costco.com/warehouse-locations/s-austin-austin-tx-641.html,"US","TBD"
Selma,15330 IH-35 NORTH,SELMA,TX,78154-3814,(210) 332-1072,https://www.costco.com/warehouse-locations/selma-tx-1006.html,"US","TBD"
Sonterra Park,1201 N LOOP 1604 E,SAN ANTONIO,TX,78232-1322,(210) 403-4703,https://www.costco.com/warehouse-locations/sonterra-park-san-antonio-tx-693.html,"US","TBD"
Southlake,2601 E STATE HIGHWAY 114,SOUTHLAKE,TX,76092-6668,(817) 749-2800,https://www.costco.com/warehouse-locations/southlake-tx-669.html,"US","TBD"
Stafford Business Center,12717 NETWORK DR,STAFFORD,TX,77477,(346) 309-3871,https://www.costco.com/warehouse-locations/stafford-business-center-stafford-tx-1487.html,"US","TBD"
Sugar Land,17520 SOUTHWEST FWY,SUGAR LAND,TX,77479-2359,(281) 566-6720,https://www.costco.com/warehouse-locations/sugar-land-tx-1146.html,"US","TBD"
Webster,1310 JASMINE AVE,WEBSTER,TX,77598,(281) 707-7750,https://www.costco.com/warehouse-locations/webster-tx-1330.html,"US","TBD"
Willowbrook,12405 N GESSNER RD,HOUSTON,TX,77064-1170,(832) 912-2353,https://www.costco.com/warehouse-locations/willowbrook-houston-tx-675.html,"US","TBD"
W Katy,23645 KATY FREEWAY,KATY,TX,77494-7221,(281) 347-9900,https://www.costco.com/warehouse-locations/w-katy-katy-tx-1167.html,"US","TBD"
Woodlands,8185 HIGHWAY 242,CONROE,TX,77385-4365,(936) 703-2295,https://www.costco.com/warehouse-locations/woodlands-conroe-tx-1189.html,"US","TBD"
W Plano,1701 DALLAS PKWY,PLANO,TX,75093-4580,(972) 246-2203,https://www.costco.com/warehouse-locations/w-plano-plano-tx-684.html,"US","TBD"
W San Antonio,191 W LOOP 1604 S,SAN ANTONIO,TX,78245-4191,(210) 868-6725,https://www.costco.com/warehouse-locations/w-san-antonio-san-antonio-tx-1449.html,"US","TBD"
Bountiful,573 W 100 N,WEST BOUNTIFUL,UT,84010-7018,(801) 299-3940,https://www.costco.com/warehouse-locations/bountiful-west-bountiful-ut-735.html,"US","TBD"
Lehi,198 N 1200 E,LEHI,UT,84043-2294,(801) 653-2700,https://www.costco.com/warehouse-locations/lehi-ut-733.html,"US","TBD"
Logan,1160 N 1000 W,LOGAN,UT,84321,(435) 915-4214,https://www.costco.com/warehouse-locations/logan-ut-1633.html,"US","TBD"
Murray,5201 S INTERMOUNTAIN DR,MURRAY,UT,84107-6024,(801) 290-4200,https://www.costco.com/warehouse-locations/murray-ut-764.html,"US","TBD"
Orem,648 E 800 S,OREM,UT,84097-6528,(801) 851-5003,https://www.costco.com/warehouse-locations/orem-ut-484.html,"US","TBD"
Riverton,13126 S. EAGLES FLIGHT RD,RIVERTON,UT,84096,(385) 855-7196,https://www.costco.com/warehouse-locations/riverton-ut-1441.html,"US","TBD"
Salt Lake City,1818 S 300 W,SALT LAKE CITY,UT,84115-1805,(801) 485-9715,https://www.costco.com/warehouse-locations/salt-lake-city-ut-113.html,"US","TBD"
Sandy,11100 S AUTO MALL DR,SANDY,UT,84070-4171,(801) 790-0003,https://www.costco.com/warehouse-locations/sandy-ut-487.html,"US","TBD"
Saratoga Springs,1083 N REDWOOD RD.,SARATOGA SPRINGS,UT,84045,(801) 407-4194,https://www.costco.com/warehouse-locations/saratoga-springs-ut-1383.html,"US","TBD"
South Jordan,3571 W 10400 S,SOUTH JORDAN,UT,84095-7173,(801) 523-5287,https://www.costco.com/warehouse-locations/south-jordan-ut-1019.html,"US","TBD"
South Ogden,3656 WALL AVE,OGDEN,UT,84405-7101,(801) 317-3953,https://www.costco.com/warehouse-locations/south-ogden-ogden-ut-770.html,"US","TBD"
Spanish Fork,273 E 1000 N,SPANISH FORK,UT,84660-5844,(801) 504-9530,https://www.costco.com/warehouse-locations/spanish-fork-ut-1118.html,"US","TBD"
St George,835 N 3050 E,SAINT GEORGE,UT,84790-9041,(435) 256-0003,https://www.costco.com/warehouse-locations/st-george-saint-george-ut-672.html,"US","TBD"
West Valley,3747 S 2700 W,SALT LAKE CITY,UT,84119-3721,(801) 996-9008,https://www.costco.com/warehouse-locations/west-valley-salt-lake-city-ut-622.html,"US","TBD"
Chantilly,14390 CHANTILLY CROSSING LN,CHANTILLY,VA,20151-2117,(703) 885-5544,https://www.costco.com/warehouse-locations/chantilly-va-334.html,"US","TBD"
Charlottesville,3171 DISTRICT AVE,CHARLOTTESVILLE,VA,22901-2784,(434) 328-7023,https://www.costco.com/warehouse-locations/charlottesville-va-1184.html,"US","TBD"
Chesterfield,1401 MALL DR,NORTH CHESTERFIELD,VA,23235-4887,(804) 464-9110,https://www.costco.com/warehouse-locations/chesterfield-north-chesterfield-va-1089.html,"US","TBD"
Fairfax,4725 W OX RD,FAIRFAX,VA,22030-6125,(703) 332-3200,https://www.costco.com/warehouse-locations/fairfax-va-204.html,"US","TBD"
Fredericksburg,3102 PLANK RD # 600,FREDERICKSBURG,VA,22407-4900,(540) 785-1160,https://www.costco.com/warehouse-locations/fredericksburg-va-340.html,"US","TBD"
Harrisonburg,1830 RESERVOIR ST,HARRISONBURG,VA,22801-8742,(540) 432-8989,https://www.costco.com/warehouse-locations/harrisonburg-va-238.html,"US","TBD"
Leesburg,1300 EDWARDS FERRY RD NE,LEESBURG,VA,20176-3355,(703) 669-5061,https://www.costco.com/warehouse-locations/leesburg-va-337.html,"US","TBD"
Manassas,10701 SUDLEY MANOR DR,MANASSAS,VA,20109-2845,(703) 368-7579,https://www.costco.com/warehouse-locations/manassas-va-225.html,"US","TBD"
Mt Vernon,7940 RICHMOND HWY,ALEXANDRIA,VA,22306-7826,(571) 458-3500,https://www.costco.com/warehouse-locations/mt-vernon-alexandria-va-1115.html,"US","TBD"
Newington,7373 BOSTON BLVD,SPRINGFIELD,VA,22153-2805,(703) 912-1203,https://www.costco.com/warehouse-locations/newington-springfield-va-227.html,"US","TBD"
Newport News,12121 JEFFERSON AVE,NEWPORT NEWS,VA,23602-6916,(757) 746-2003,https://www.costco.com/warehouse-locations/newport-news-va-247.html,"US","TBD"
Norfolk,850 GLENROCK RD,NORFOLK,VA,23502-3702,(757) 459-4471,https://www.costco.com/warehouse-locations/norfolk-va-202.html,"US","TBD"
Pentagon City,1200 S FERN ST,ARLINGTON,VA,22202-2862,(703) 413-2324,https://www.costco.com/warehouse-locations/pentagon-city-arlington-va-233.html,"US","TBD"
Potomac Mills,2700 POTOMAC MILLS CIRCLE,WOODBRIDGE,VA,22192-4653,(703) 490-7410,https://www.costco.com/warehouse-locations/potomac-mills-woodbridge-va-626.html,"US","TBD"
Sterling,21398 PRICE CASCADES PLZ,STERLING,VA,20164-6606,(703) 406-6500,https://www.costco.com/warehouse-locations/sterling-va-218.html,"US","TBD"
W Henrico,9650 W BROAD ST,GLEN ALLEN,VA,23060-4115,(804) 727-3050,https://www.costco.com/warehouse-locations/w-henrico-glen-allen-va-205.html,"US","TBD"
Winchester,251 FRONT ROYAL PIKE,WINCHESTER,VA,22602-7319,(540) 722-9626,https://www.costco.com/warehouse-locations/winchester-va-239.html,"US","TBD"
Colchester,218 LOWER MOUNTAIN VIEW DR,COLCHESTER,VT,05446-5830,(802) 318-2000,https://www.costco.com/warehouse-locations/colchester-vt-314.html,"US","TBD"
Aurora Village,1175 N 205TH ST,SHORELINE,WA,98133-3206,(206) 546-0480,https://www.costco.com/warehouse-locations/aurora-village-shoreline-wa-106.html,"US","TBD"
Bellingham,4125 ARCTIC AVE,BELLINGHAM,WA,98226-9325,(360) 671-6947,https://www.costco.com/warehouse-locations/bellingham-wa-1216.html,"US","TBD"
Bonney Lake,9801 204TH AVE E,BONNEY LAKE,WA,98391-6559,(253) 750-8120,https://www.costco.com/warehouse-locations/bonney-lake-wa-1278.html,"US","TBD"
Burlington WA,1725 S BURLINGTON BLVD,BURLINGTON,WA,98233-3223,(360) 757-5703,https://www.costco.com/warehouse-locations/burlington-wa-burlington-wa-662.html,"US","TBD"
Clarkston,301 5TH ST,CLARKSTON,WA,99403-1860,(509) 758-1800,https://www.costco.com/warehouse-locations/clarkston-wa-103.html,"US","TBD"
Covington WA,27520 COVINGTON WAY SE,COVINGTON,WA,98042-9100,(253) 796-1004,https://www.costco.com/warehouse-locations/covington-wa-covington-wa-1029.html,"US","TBD"
E Vancouver WA,19610 SE 1ST ST,CAMAS,WA,98607-7472,(360) 258-6221,https://www.costco.com/warehouse-locations/e-vancouver-wa-camas-wa-1086.html,"US","TBD"
Everett WA,10200 19TH AVE SE,EVERETT,WA,98208-4256,(425) 379-7451,https://www.costco.com/warehouse-locations/everett-wa-everett-wa-114.html,"US","TBD"
Federal Way,35100 ENCHANTED PKWY S,FEDERAL WAY,WA,98003-8314,(253) 874-3652,https://www.costco.com/warehouse-locations/federal-way-wa-61.html,"US","TBD"
Fife Business Center,3900 20TH ST E,FIFE,WA,98424-1818,(253) 719-1950,https://www.costco.com/warehouse-locations/fife-business-center-fife-wa-767.html,"US","TBD"
Gig Harbor,10990 HARBOR HILL DR NW,GIG HARBOR,WA,98332-8945,(253) 853-8600,https://www.costco.com/warehouse-locations/gig-harbor-wa-624.html,"US","TBD"
Issaquah,1801 10TH AVE NW,ISSAQUAH,WA,98027-5384,(425) 313-0965,https://www.costco.com/warehouse-locations/issaquah-wa-110.html,"US","TBD"
Kennewick,8505 W. GAGE BLVD,KENNEWICK,WA,99336-8120,(509) 737-8861,https://www.costco.com/warehouse-locations/kennewick-wa-486.html,"US","TBD"
Kirkland,8629 120TH AVE NE,KIRKLAND,WA,98033-5822,(425) 827-1693,https://www.costco.com/warehouse-locations/kirkland-wa-8.html,"US","TBD"
Lacey,1470 MARVIN RD NE,LACEY,WA,98516-3870,(360) 412-3500,https://www.costco.com/warehouse-locations/lacey-wa-740.html,"US","TBD"
Lake Stevens,9210 24TH STREET SE,LAKE STEVENS,WA,98258,(425) 367-6422,https://www.costco.com/warehouse-locations/lake-stevens-wa-1588.html,"US","TBD"
Lynnwood Business Center,19105 HIGHWAY 99,LYNNWOOD,WA,98036-5228,(425) 640-7700,https://www.costco.com/warehouse-locations/lynnwood-business-center-lynnwood-wa-115.html,"US","TBD"
Lynnwood,18109 33RD AVE W,LYNNWOOD,WA,98037-4840,(425) 697-1062,https://www.costco.com/warehouse-locations/lynnwood-wa-1190.html,"US","TBD"
Marysville WA,16616 TWIN LAKES AVE,MARYSVILLE,WA,98271-4701,(360) 652-4532,https://www.costco.com/warehouse-locations/marysville-wa-marysville-wa-642.html,"US","TBD"
N Spokane,12020 N NEWPORT HWY,SPOKANE,WA,99218-1655,(509) 466-9668,https://www.costco.com/warehouse-locations/n-spokane-spokane-wa-1298.html,"US","TBD"
Puyallup,1201 39TH AVE SW,PUYALLUP,WA,98373-3803,(253) 445-7543,https://www.costco.com/warehouse-locations/puyallup-wa-660.html,"US","TBD"
Redmond,7725 188TH AVE NE,REDMOND,WA,98052-6088,(425) 406-5382,https://www.costco.com/warehouse-locations/redmond-wa-1225.html,"US","TBD"
Seattle,4401 4TH AVE S,SEATTLE,WA,98134-2311,(206) 622-3136,https://www.costco.com/warehouse-locations/seattle-wa-1.html,"US","TBD"
Sequim,955 W WASHINGTON ST,SEQUIM,WA,98382-3266,(360) 406-2025,https://www.costco.com/warehouse-locations/sequim-wa-639.html,"US","TBD"
Silverdale,10000 MICKELBERRY RD NW,SILVERDALE,WA,98383-8302,(360) 692-9213,https://www.costco.com/warehouse-locations/silverdale-wa-13.html,"US","TBD"
Spokane,5601 E SPRAGUE AVE,SPOKANE,WA,99212-0826,(509) 842-0003,https://www.costco.com/warehouse-locations/spokane-wa-670.html,"US","TBD"
Tacoma,2219 S 37TH ST,TACOMA,WA,98409-7473,(253) 475-5595,https://www.costco.com/warehouse-locations/tacoma-wa-95.html,"US","TBD"
Tukwila,400 COSTCO DR STE 150,TUKWILA,WA,98188-4808,(206) 575-9191,https://www.costco.com/warehouse-locations/tukwila-wa-6.html,"US","TBD"
Tumwater,5500 LITTLEROCK RD SW,TUMWATER,WA,98512-7363,(360) 357-6580,https://www.costco.com/warehouse-locations/tumwater-wa-64.html,"US","TBD"
Union Gap,2310 LONGFIBRE RD,UNION GAP,WA,98903-1513,(509) 454-5242,https://www.costco.com/warehouse-locations/union-gap-wa-1013.html,"US","TBD"
Vancouver WA,6720 NE 84TH ST,VANCOUVER,WA,98665-2016,(360) 828-2262,https://www.costco.com/warehouse-locations/vancouver-wa-vancouver-wa-772.html,"US","TBD"
Wenatchee,375 HIGHLINE DR,EAST WENATCHEE,WA,98802-5344,(509) 886-0593,https://www.costco.com/warehouse-locations/wenatchee-east-wenatchee-wa-112.html,"US","TBD"
Woodinville,24008 SNOHOMISH WOODINVILLE RD,WOODINVILLE,WA,98072-9743,(425) 806-7700,https://www.costco.com/warehouse-locations/woodinville-wa-747.html,"US","TBD"
Bellevue (Green Bay),2355 COSTCO WAY,BELLEVUE,WI,54311-9206,(920) 469-5700,https://www.costco.com/warehouse-locations/bellevue-green-bay--bellevue-wi-1162.html,"US","TBD"
Eau Claire,1420 BLACK AVENUE,EAU CLAIRE,WI,54703,(715) 598-6755,https://www.costco.com/warehouse-locations/eau-claire-wi-1664.html,"US","TBD"
Grafton,950 PORT WASHINGTON RD,GRAFTON,WI,53024-9201,(262) 204-1050,https://www.costco.com/warehouse-locations/grafton-wi-628.html,"US","TBD"
Grand Chute,5401 W. INTEGRITY WAY,GRAND CHUTE,WI,54913-8602,(920) 815-4500,https://www.costco.com/warehouse-locations/grand-chute-wi-1222.html,"US","TBD"
Menomonee Falls,W162N9235 PERSHING AVE,MENOMONEE FALLS,WI,53051-4026,(262) 946-6060,https://www.costco.com/warehouse-locations/menomonee-falls-wi-1209.html,"US","TBD"
Middleton,2150 DEMING WAY,MIDDLETON,WI,53562-5507,(608) 824-3950,https://www.costco.com/warehouse-locations/middleton-wi-1020.html,"US","TBD"
New Berlin,15300 WEST GRANGE AVE,NEW BERLIN,WI,53151-7909,(262) 599-7030,https://www.costco.com/warehouse-locations/new-berlin-wi-1212.html,"US","TBD"
Pewaukee,443 PEWAUKEE RD,PEWAUKEE,WI,53072-5886,(262) 956-6700,https://www.costco.com/warehouse-locations/pewaukee-wi-1101.html,"US","TBD"
Pleasant Prairie,7707 94TH AVE,PLEASANT PRAIRIE,WI,53158-1955,(262) 597-1027,https://www.costco.com/warehouse-locations/pleasant-prairie-wi-1198.html,"US","TBD"
Sun Prairie,2850 HOEPKER RD,SUN PRAIRIE,WI,53590-9334,(608) 825-4001,https://www.costco.com/warehouse-locations/sun-prairie-wi-1121.html,"US","TBD"
Verona,1000 BATKER COURT,VERONA,WI,53593,(608) 497-8355,https://www.costco.com/warehouse-locations/verona-wi-1491.html,"US","TBD"